{
  "type": "FeatureCollection",
  "generator": "overpass-turbo",
  "copyright": "The data included in this document is from www.openstreetmap.org. The data is made available under ODbL.",
  "timestamp": "2026-04-12T15:03:30Z",
  "features": [
    {
      "type": "Feature",
      "properties": {
        "@id": "relation/3565893",
        "allocation:it": "Il delta del Po è certamente definibile come l'ambiente umido più importante d'Italia e tra i più rilevanti d'Europa.",
        "boundary": "protected_area",
        "governance_type": "government_managed",
        "iucn_level:ref": "5",
        "leisure": "nature_reserve",
        "name": "Parco regionale Delta del Po Emilia-Romagna",
        "operator": "Ente di gestione per i Parchi e la Biodiversità - Delta del Po, Provincia di Ferrara, Provincia di Bologna, Provincia di Ravenna",
        "protect_class": "5",
        "protection_aim": "http://ambiente.regione.emilia-romagna.it/parchi-natura2000/aree-protette/parchi/depo/scheda-tecnica",
        "protection_instruction": "http://ambiente.regione.emilia-romagna.it/parchi-natura2000/aree-protette/parchi/depo/scheda-tecnica",
        "protection_title": "geomorphological",
        "ref:EUAP": "EUAP0181",
        "ref:SIC": "n.a.",
        "ref:WDPA": "6004",
        "related_law": "L.R. 27, 02/07/88",
        "site_ownership": "regional",
        "site_status": "obtained",
        "type": "boundary",
        "website": "https://www.parcodeltapo.it/it/index.php",
        "wikidata": "Q3364763",
        "wikipedia": "it:Parco regionale del Delta del Po dell'Emilia-Romagna"
      },
      "geometry": {
        "type": "MultiPolygon",
        "coordinates": [
          [
            [
              [
                12.365561,
                44.2486028
              ],
              [
                12.3681983,
                44.2444258
              ],
              [
                12.3701429,
                44.2413264
              ],
              [
                12.3699208,
                44.2412134
              ],
              [
                12.3749233,
                44.2339735
              ],
              [
                12.3792127,
                44.2281043
              ],
              [
                12.3823143,
                44.2239148
              ],
              [
                12.3828355,
                44.2242849
              ],
              [
                12.3829468,
                44.2243599
              ],
              [
                12.3831476,
                44.2244953
              ],
              [
                12.3766727,
                44.2332311
              ],
              [
                12.3691302,
                44.2446165
              ],
              [
                12.3663744,
                44.248891
              ],
              [
                12.365561,
                44.2486028
              ]
            ]
          ],
          [
            [
              [
                12.3167472,
                44.397998
              ],
              [
                12.3165324,
                44.3975056
              ],
              [
                12.3166218,
                44.3959384
              ],
              [
                12.3149411,
                44.394102
              ],
              [
                12.3123596,
                44.3924393
              ],
              [
                12.3111211,
                44.3919504
              ],
              [
                12.3095652,
                44.391535
              ],
              [
                12.3058993,
                44.391041
              ],
              [
                12.3040984,
                44.3908367
              ],
              [
                12.3008371,
                44.39073
              ],
              [
                12.2975121,
                44.3903586
              ],
              [
                12.294016,
                44.3902933
              ],
              [
                12.2865987,
                44.3914755
              ],
              [
                12.2798146,
                44.3926895
              ],
              [
                12.2739374,
                44.3941256
              ],
              [
                12.2729255,
                44.3943143
              ],
              [
                12.2725996,
                44.394213
              ],
              [
                12.2673853,
                44.3952872
              ],
              [
                12.2591948,
                44.3972603
              ],
              [
                12.2569217,
                44.3979327
              ],
              [
                12.2563287,
                44.398073
              ],
              [
                12.2558439,
                44.3980651
              ],
              [
                12.2504321,
                44.3992154
              ],
              [
                12.2455224,
                44.3995601
              ],
              [
                12.2395571,
                44.3995239
              ],
              [
                12.2304072,
                44.3994045
              ],
              [
                12.2262894,
                44.3992639
              ],
              [
                12.2205386,
                44.3986895
              ],
              [
                12.2152376,
                44.3980876
              ],
              [
                12.2155532,
                44.3965648
              ],
              [
                12.21589,
                44.3960386
              ],
              [
                12.2221528,
                44.3899231
              ],
              [
                12.2265496,
                44.3855624
              ],
              [
                12.2245319,
                44.3841302
              ],
              [
                12.2282756,
                44.3748138
              ],
              [
                12.2309938,
                44.3742294
              ],
              [
                12.2354155,
                44.3726693
              ],
              [
                12.2470633,
                44.3683152
              ],
              [
                12.2477843,
                44.3677808
              ],
              [
                12.2549817,
                44.3608425
              ],
              [
                12.2553916,
                44.3601923
              ],
              [
                12.2563708,
                44.3575004
              ],
              [
                12.2564642,
                44.3570025
              ],
              [
                12.2568987,
                44.3570123
              ],
              [
                12.2587254,
                44.3551134
              ],
              [
                12.2593327,
                44.3550966
              ],
              [
                12.2594515,
                44.3540915
              ],
              [
                12.2608337,
                44.3541494
              ],
              [
                12.2610527,
                44.3523005
              ],
              [
                12.2603824,
                44.352038
              ],
              [
                12.2629556,
                44.3487259
              ],
              [
                12.2611171,
                44.3480358
              ],
              [
                12.2827115,
                44.3210779
              ],
              [
                12.2855154,
                44.3179015
              ],
              [
                12.2889876,
                44.3189209
              ],
              [
                12.2959512,
                44.3108277
              ],
              [
                12.302392,
                44.3031126
              ],
              [
                12.3129988,
                44.2928151
              ],
              [
                12.3087542,
                44.2914122
              ],
              [
                12.3167838,
                44.2821343
              ],
              [
                12.3161492,
                44.281785
              ],
              [
                12.3146358,
                44.2833767
              ],
              [
                12.310176,
                44.2812881
              ],
              [
                12.311109,
                44.2803368
              ],
              [
                12.2971044,
                44.2744774
              ],
              [
                12.295649,
                44.2740879
              ],
              [
                12.295402,
                44.2742697
              ],
              [
                12.2928371,
                44.2735868
              ],
              [
                12.2905088,
                44.2735262
              ],
              [
                12.2861307,
                44.2743453
              ],
              [
                12.2783753,
                44.2762674
              ],
              [
                12.2728462,
                44.2779562
              ],
              [
                12.2726105,
                44.2778636
              ],
              [
                12.2699216,
                44.2781361
              ],
              [
                12.2697141,
                44.2782931
              ],
              [
                12.2694631,
                44.2783192
              ],
              [
                12.2684436,
                44.2789756
              ],
              [
                12.2667964,
                44.2776686
              ],
              [
                12.2655565,
                44.2762126
              ],
              [
                12.2651529,
                44.2755181
              ],
              [
                12.2651917,
                44.2744233
              ],
              [
                12.2655516,
                44.2735965
              ],
              [
                12.2671719,
                44.2719194
              ],
              [
                12.2673155,
                44.271437
              ],
              [
                12.2670692,
                44.271175
              ],
              [
                12.2649028,
                44.2704744
              ],
              [
                12.2643645,
                44.2700838
              ],
              [
                12.2639666,
                44.2694658
              ],
              [
                12.2642244,
                44.2677901
              ],
              [
                12.2640535,
                44.2676485
              ],
              [
                12.2623656,
                44.267177
              ],
              [
                12.2619617,
                44.2668532
              ],
              [
                12.260673,
                44.2647518
              ],
              [
                12.2605109,
                44.2644579
              ],
              [
                12.2591491,
                44.2636302
              ],
              [
                12.2585355,
                44.2631961
              ],
              [
                12.258158,
                44.2627216
              ],
              [
                12.2581855,
                44.2621801
              ],
              [
                12.2581392,
                44.2619515
              ],
              [
                12.2572482,
                44.2609791
              ],
              [
                12.2576413,
                44.2607899
              ],
              [
                12.2585611,
                44.2616656
              ],
              [
                12.2598222,
                44.2609518
              ],
              [
                12.2606227,
                44.2604039
              ],
              [
                12.2606963,
                44.2600275
              ],
              [
                12.2603674,
                44.2591507
              ],
              [
                12.2613242,
                44.2588825
              ],
              [
                12.261591,
                44.2592878
              ],
              [
                12.2615952,
                44.2601823
              ],
              [
                12.2612007,
                44.2608663
              ],
              [
                12.2594873,
                44.2619976
              ],
              [
                12.2591979,
                44.2626106
              ],
              [
                12.2595416,
                44.2629325
              ],
              [
                12.2606929,
                44.2636882
              ],
              [
                12.2616495,
                44.2641074
              ],
              [
                12.2634886,
                44.2636938
              ],
              [
                12.2635126,
                44.2635884
              ],
              [
                12.2706825,
                44.2623084
              ],
              [
                12.2718479,
                44.2617922
              ],
              [
                12.272042,
                44.2620271
              ],
              [
                12.2715356,
                44.2623908
              ],
              [
                12.2703866,
                44.2628127
              ],
              [
                12.2638378,
                44.2639949
              ],
              [
                12.2637474,
                44.2638241
              ],
              [
                12.2617751,
                44.2642925
              ],
              [
                12.2618831,
                44.2647368
              ],
              [
                12.2631191,
                44.2662967
              ],
              [
                12.2635363,
                44.2665528
              ],
              [
                12.2650889,
                44.2668684
              ],
              [
                12.2654407,
                44.2670901
              ],
              [
                12.2656439,
                44.267497
              ],
              [
                12.2652246,
                44.2688804
              ],
              [
                12.2652646,
                44.2696991
              ],
              [
                12.2662116,
                44.2701032
              ],
              [
                12.2672763,
                44.27017
              ],
              [
                12.2679285,
                44.2703016
              ],
              [
                12.2685373,
                44.2708372
              ],
              [
                12.2687284,
                44.271393
              ],
              [
                12.2686851,
                44.2718051
              ],
              [
                12.2674992,
                44.2728489
              ],
              [
                12.2662984,
                44.2741666
              ],
              [
                12.2660542,
                44.2749147
              ],
              [
                12.2665352,
                44.2760118
              ],
              [
                12.2673875,
                44.276923
              ],
              [
                12.2687561,
                44.2782434
              ],
              [
                12.2689234,
                44.2783359
              ],
              [
                12.2697034,
                44.2778355
              ],
              [
                12.2703033,
                44.2778992
              ],
              [
                12.2706937,
                44.2778864
              ],
              [
                12.2723723,
                44.2776931
              ],
              [
                12.2722774,
                44.2776284
              ],
              [
                12.2784654,
                44.2758469
              ],
              [
                12.2854296,
                44.2742425
              ],
              [
                12.2896324,
                44.2732706
              ],
              [
                12.2902275,
                44.273162
              ],
              [
                12.2926348,
                44.2731778
              ],
              [
                12.2950085,
                44.2737248
              ],
              [
                12.2955877,
                44.2738968
              ],
              [
                12.2983712,
                44.2711504
              ],
              [
                12.301251,
                44.2692967
              ],
              [
                12.3016388,
                44.2682822
              ],
              [
                12.3016247,
                44.2674997
              ],
              [
                12.3001619,
                44.2609259
              ],
              [
                12.2991784,
                44.2572315
              ],
              [
                12.2984494,
                44.2564852
              ],
              [
                12.2987975,
                44.255163
              ],
              [
                12.3004225,
                44.2548154
              ],
              [
                12.3001149,
                44.2540604
              ],
              [
                12.2993343,
                44.2534263
              ],
              [
                12.3004046,
                44.2526143
              ],
              [
                12.3115574,
                44.2446642
              ],
              [
                12.3157005,
                44.2401004
              ],
              [
                12.3196593,
                44.2370226
              ],
              [
                12.3228349,
                44.2356467
              ],
              [
                12.3240213,
                44.2348663
              ],
              [
                12.3261347,
                44.2330782
              ],
              [
                12.326355,
                44.2330408
              ],
              [
                12.3265311,
                44.2332911
              ],
              [
                12.3271263,
                44.2337599
              ],
              [
                12.3285226,
                44.2336606
              ],
              [
                12.3296533,
                44.2327069
              ],
              [
                12.3313042,
                44.2318131
              ],
              [
                12.3318758,
                44.2322346
              ],
              [
                12.3334199,
                44.2326191
              ],
              [
                12.3343462,
                44.2313663
              ],
              [
                12.3354314,
                44.2306413
              ],
              [
                12.3366763,
                44.2300538
              ],
              [
                12.3434437,
                44.2267037
              ],
              [
                12.3422999,
                44.2249517
              ],
              [
                12.3423894,
                44.2243886
              ],
              [
                12.3443738,
                44.2230145
              ],
              [
                12.3587761,
                44.2324171
              ],
              [
                12.3597236,
                44.2328622
              ],
              [
                12.3611332,
                44.2332085
              ],
              [
                12.3588572,
                44.2355111
              ],
              [
                12.354454,
                44.2399995
              ],
              [
                12.3522448,
                44.2429268
              ],
              [
                12.3470549,
                44.2500024
              ],
              [
                12.3467661,
                44.2503962
              ],
              [
                12.3453723,
                44.2516746
              ],
              [
                12.3410543,
                44.2546078
              ],
              [
                12.3412658,
                44.2551037
              ],
              [
                12.3425811,
                44.2565928
              ],
              [
                12.3441219,
                44.2583147
              ],
              [
                12.3451971,
                44.2601405
              ],
              [
                12.3461722,
                44.2611667
              ],
              [
                12.3467136,
                44.2615364
              ],
              [
                12.3471119,
                44.2612383
              ],
              [
                12.3473914,
                44.2614648
              ],
              [
                12.3476297,
                44.2612016
              ],
              [
                12.3478835,
                44.2612838
              ],
              [
                12.3492335,
                44.2592969
              ],
              [
                12.3496942,
                44.2595101
              ],
              [
                12.3499939,
                44.2590714
              ],
              [
                12.3506547,
                44.2586687
              ],
              [
                12.3513639,
                44.2588583
              ],
              [
                12.350735,
                44.2598281
              ],
              [
                12.3514093,
                44.2600206
              ],
              [
                12.3499709,
                44.2621212
              ],
              [
                12.3507376,
                44.2623865
              ],
              [
                12.3508519,
                44.2622616
              ],
              [
                12.351265,
                44.2623977
              ],
              [
                12.3517106,
                44.2625508
              ],
              [
                12.3518238,
                44.2625889
              ],
              [
                12.351579,
                44.2630221
              ],
              [
                12.3520162,
                44.263166
              ],
              [
                12.3518839,
                44.263483
              ],
              [
                12.3526194,
                44.2641598
              ],
              [
                12.352309,
                44.2644637
              ],
              [
                12.3533121,
                44.265193
              ],
              [
                12.3533211,
                44.2653237
              ],
              [
                12.3548185,
                44.2665948
              ],
              [
                12.3554955,
                44.2669817
              ],
              [
                12.356957,
                44.2675541
              ],
              [
                12.3603541,
                44.268975
              ],
              [
                12.3600383,
                44.2691853
              ],
              [
                12.35499,
                44.2670275
              ],
              [
                12.3531731,
                44.2654944
              ],
              [
                12.3523038,
                44.2667504
              ],
              [
                12.3515018,
                44.2666682
              ],
              [
                12.3486742,
                44.2720266
              ],
              [
                12.348553,
                44.2721435
              ],
              [
                12.3482427,
                44.2721903
              ],
              [
                12.3445053,
                44.2716942
              ],
              [
                12.3442479,
                44.2718974
              ],
              [
                12.343708,
                44.271926
              ],
              [
                12.3434625,
                44.2718972
              ],
              [
                12.3433833,
                44.2727449
              ],
              [
                12.3433333,
                44.2734182
              ],
              [
                12.3428213,
                44.2747158
              ],
              [
                12.3411975,
                44.2744452
              ],
              [
                12.340404,
                44.276102
              ],
              [
                12.3421239,
                44.2763683
              ],
              [
                12.341381,
                44.2782358
              ],
              [
                12.3473832,
                44.2791214
              ],
              [
                12.3475321,
                44.2791803
              ],
              [
                12.3480002,
                44.2792397
              ],
              [
                12.3524405,
                44.2799066
              ],
              [
                12.3544748,
                44.2807075
              ],
              [
                12.3543486,
                44.2808133
              ],
              [
                12.3523341,
                44.2800027
              ],
              [
                12.3453797,
                44.2790749
              ],
              [
                12.3449156,
                44.2815556
              ],
              [
                12.3449057,
                44.2816086
              ],
              [
                12.3460569,
                44.2817467
              ],
              [
                12.3460425,
                44.2818025
              ],
              [
                12.3454788,
                44.2839948
              ],
              [
                12.3452308,
                44.2850171
              ],
              [
                12.3451424,
                44.2855597
              ],
              [
                12.3447956,
                44.2864474
              ],
              [
                12.3447584,
                44.2865427
              ],
              [
                12.344567,
                44.2879226
              ],
              [
                12.3442777,
                44.2891252
              ],
              [
                12.3440009,
                44.2902758
              ],
              [
                12.3436051,
                44.2920791
              ],
              [
                12.3429993,
                44.2947807
              ],
              [
                12.3428828,
                44.2953
              ],
              [
                12.342612,
                44.2965073
              ],
              [
                12.3422718,
                44.2980245
              ],
              [
                12.3422547,
                44.2981006
              ],
              [
                12.3432588,
                44.2982058
              ],
              [
                12.3429323,
                44.2998759
              ],
              [
                12.3389461,
                44.2990973
              ],
              [
                12.338858,
                44.2993092
              ],
              [
                12.3383317,
                44.299222
              ],
              [
                12.3374305,
                44.3016072
              ],
              [
                12.3394746,
                44.3020865
              ],
              [
                12.3398099,
                44.3041321
              ],
              [
                12.3403847,
                44.3052617
              ],
              [
                12.3407146,
                44.305259
              ],
              [
                12.3406512,
                44.3057628
              ],
              [
                12.3413969,
                44.3056615
              ],
              [
                12.3416069,
                44.305678
              ],
              [
                12.3416171,
                44.3066078
              ],
              [
                12.341331,
                44.3066082
              ],
              [
                12.3412856,
                44.3080134
              ],
              [
                12.3409925,
                44.3087481
              ],
              [
                12.3409426,
                44.3107763
              ],
              [
                12.3400437,
                44.3115057
              ],
              [
                12.3388043,
                44.3129001
              ],
              [
                12.3385445,
                44.31322
              ],
              [
                12.3367367,
                44.3166324
              ],
              [
                12.3378755,
                44.3169222
              ],
              [
                12.337996,
                44.3172307
              ],
              [
                12.3391834,
                44.3172991
              ],
              [
                12.339976,
                44.3174196
              ],
              [
                12.3407401,
                44.3181172
              ],
              [
                12.3408472,
                44.3186787
              ],
              [
                12.3402126,
                44.3188738
              ],
              [
                12.3406428,
                44.3199777
              ],
              [
                12.3403488,
                44.3204628
              ],
              [
                12.3371864,
                44.3192334
              ],
              [
                12.331637,
                44.3204146
              ],
              [
                12.3310241,
                44.3214438
              ],
              [
                12.3269833,
                44.3279351
              ],
              [
                12.3300728,
                44.3289701
              ],
              [
                12.3304901,
                44.3295994
              ],
              [
                12.3305496,
                44.3296892
              ],
              [
                12.3341915,
                44.3309556
              ],
              [
                12.3380202,
                44.3254062
              ],
              [
                12.3384314,
                44.3255489
              ],
              [
                12.3348747,
                44.3311932
              ],
              [
                12.3353278,
                44.3313508
              ],
              [
                12.340535,
                44.3331614
              ],
              [
                12.337329,
                44.3395205
              ],
              [
                12.3335867,
                44.3479158
              ],
              [
                12.3310338,
                44.3554809
              ],
              [
                12.3289528,
                44.3619212
              ],
              [
                12.3273265,
                44.3688874
              ],
              [
                12.324083,
                44.3811292
              ],
              [
                12.3229088,
                44.3902498
              ],
              [
                12.3216733,
                44.3980419
              ],
              [
                12.3167472,
                44.397998
              ]
            ],
            [
              [
                12.3293401,
                44.2665187
              ],
              [
                12.3309657,
                44.2676788
              ],
              [
                12.3316036,
                44.2672308
              ],
              [
                12.3323246,
                44.2669471
              ],
              [
                12.3326127,
                44.2668338
              ],
              [
                12.3342385,
                44.2665401
              ],
              [
                12.3381287,
                44.2663083
              ],
              [
                12.3386074,
                44.2663744
              ],
              [
                12.3369545,
                44.2681249
              ],
              [
                12.3362329,
                44.2694586
              ],
              [
                12.3375842,
                44.269792
              ],
              [
                12.3363116,
                44.2707054
              ],
              [
                12.3359821,
                44.2710727
              ],
              [
                12.3371723,
                44.2714626
              ],
              [
                12.3372453,
                44.2714656
              ],
              [
                12.3436224,
                44.2717283
              ],
              [
                12.3439851,
                44.2717432
              ],
              [
                12.3443452,
                44.2715418
              ],
              [
                12.348285,
                44.2719809
              ],
              [
                12.348876,
                44.2712504
              ],
              [
                12.349673,
                44.269552
              ],
              [
                12.3513008,
                44.2665065
              ],
              [
                12.3515067,
                44.2664014
              ],
              [
                12.3521734,
                44.2664622
              ],
              [
                12.35291,
                44.265356
              ],
              [
                12.3512831,
                44.2639207
              ],
              [
                12.3507869,
                44.2636768
              ],
              [
                12.3503586,
                44.2642544
              ],
              [
                12.3477763,
                44.2633914
              ],
              [
                12.3482384,
                44.2626695
              ],
              [
                12.3467768,
                44.2618862
              ],
              [
                12.3456055,
                44.2610944
              ],
              [
                12.3445271,
                44.2595396
              ],
              [
                12.3437742,
                44.2581975
              ],
              [
                12.3406559,
                44.2548794
              ],
              [
                12.3375018,
                44.2569158
              ],
              [
                12.3354773,
                44.2583991
              ],
              [
                12.3342957,
                44.2594865
              ],
              [
                12.3293401,
                44.2665187
              ]
            ],
            [
              [
                12.3283807,
                44.2761987
              ],
              [
                12.3313916,
                44.2730201
              ],
              [
                12.3277323,
                44.2712058
              ],
              [
                12.3275708,
                44.2709043
              ],
              [
                12.3284951,
                44.2702146
              ],
              [
                12.3292906,
                44.2691412
              ],
              [
                12.3307507,
                44.2678323
              ],
              [
                12.3291818,
                44.2667807
              ],
              [
                12.3258721,
                44.2714535
              ],
              [
                12.3236586,
                44.2741685
              ],
              [
                12.3283807,
                44.2761987
              ]
            ],
            [
              [
                12.3244674,
                44.2760185
              ],
              [
                12.3214681,
                44.2797489
              ],
              [
                12.3240394,
                44.2809016
              ],
              [
                12.3281973,
                44.2764359
              ],
              [
                12.323445,
                44.2744123
              ],
              [
                12.322771,
                44.2752177
              ],
              [
                12.3244674,
                44.2760185
              ]
            ],
            [
              [
                12.313193,
                44.3889771
              ],
              [
                12.3199112,
                44.3883013
              ],
              [
                12.3202502,
                44.3854436
              ],
              [
                12.3180245,
                44.3852393
              ],
              [
                12.3168427,
                44.3813679
              ],
              [
                12.315082,
                44.3815123
              ],
              [
                12.315107,
                44.3811048
              ],
              [
                12.3122838,
                44.3810887
              ],
              [
                12.3120805,
                44.3846222
              ],
              [
                12.311928,
                44.386241
              ],
              [
                12.3117687,
                44.3862347
              ],
              [
                12.3111093,
                44.3885989
              ],
              [
                12.3131195,
                44.3884316
              ],
              [
                12.313193,
                44.3889771
              ]
            ]
          ],
          [
            [
              [
                12.2866302,
                44.482127
              ],
              [
                12.2825498,
                44.4819118
              ],
              [
                12.2830371,
                44.4762508
              ],
              [
                12.2819594,
                44.4762096
              ],
              [
                12.2815104,
                44.4818785
              ],
              [
                12.2760778,
                44.4816095
              ],
              [
                12.276504,
                44.4798467
              ],
              [
                12.2739432,
                44.4795783
              ],
              [
                12.2751124,
                44.4749898
              ],
              [
                12.2731543,
                44.4746925
              ],
              [
                12.2732618,
                44.4734456
              ],
              [
                12.276134,
                44.4687942
              ],
              [
                12.2762263,
                44.468426
              ],
              [
                12.277231,
                44.4671831
              ],
              [
                12.2734927,
                44.4653426
              ],
              [
                12.2723346,
                44.4666243
              ],
              [
                12.2679776,
                44.4669815
              ],
              [
                12.2648839,
                44.4608869
              ],
              [
                12.2649609,
                44.460654
              ],
              [
                12.268191,
                44.4566611
              ],
              [
                12.2667326,
                44.4553029
              ],
              [
                12.2694328,
                44.4537556
              ],
              [
                12.2694042,
                44.453486
              ],
              [
                12.266875,
                44.4509456
              ],
              [
                12.2680352,
                44.4503718
              ],
              [
                12.2707502,
                44.4498338
              ],
              [
                12.2725991,
                44.4498532
              ],
              [
                12.2725921,
                44.4489046
              ],
              [
                12.2750024,
                44.4489562
              ],
              [
                12.2766228,
                44.4496492
              ],
              [
                12.277995,
                44.4506054
              ],
              [
                12.279875,
                44.4524773
              ],
              [
                12.2814603,
                44.4539999
              ],
              [
                12.2842873,
                44.45237
              ],
              [
                12.2874222,
                44.4511501
              ],
              [
                12.288459,
                44.4492336
              ],
              [
                12.2888742,
                44.4490004
              ],
              [
                12.2908681,
                44.4507399
              ],
              [
                12.2937503,
                44.4513475
              ],
              [
                12.2936684,
                44.4521512
              ],
              [
                12.2925196,
                44.4531169
              ],
              [
                12.2912108,
                44.4574035
              ],
              [
                12.2909022,
                44.4597392
              ],
              [
                12.2903516,
                44.4600823
              ],
              [
                12.2900232,
                44.4608044
              ],
              [
                12.289536,
                44.4627348
              ],
              [
                12.2893304,
                44.4631213
              ],
              [
                12.2876541,
                44.4718515
              ],
              [
                12.2873194,
                44.4757667
              ],
              [
                12.2866302,
                44.482127
              ]
            ]
          ],
          [
            [
              [
                12.2356795,
                44.7323834
              ],
              [
                12.2347917,
                44.732634
              ],
              [
                12.2320434,
                44.7333148
              ],
              [
                12.2315408,
                44.7322877
              ],
              [
                12.2317085,
                44.7320598
              ],
              [
                12.2311044,
                44.7305193
              ],
              [
                12.2297105,
                44.7308237
              ],
              [
                12.2294184,
                44.7300917
              ],
              [
                12.2268586,
                44.7306692
              ],
              [
                12.2267673,
                44.7306898
              ],
              [
                12.2270235,
                44.7318343
              ],
              [
                12.2284331,
                44.7348404
              ],
              [
                12.2307519,
                44.7401677
              ],
              [
                12.2325605,
                44.742812
              ],
              [
                12.237084,
                44.7493329
              ],
              [
                12.2371698,
                44.7501541
              ],
              [
                12.236376,
                44.7509235
              ],
              [
                12.2332936,
                44.7524006
              ],
              [
                12.2352195,
                44.7540903
              ],
              [
                12.2366859,
                44.7535058
              ],
              [
                12.2403043,
                44.7524108
              ],
              [
                12.2391874,
                44.7510892
              ],
              [
                12.2398965,
                44.7509253
              ],
              [
                12.2396582,
                44.7506333
              ],
              [
                12.2445257,
                44.7493033
              ],
              [
                12.2448021,
                44.7478951
              ],
              [
                12.250388,
                44.7468483
              ],
              [
                12.2512492,
                44.7516299
              ],
              [
                12.2509212,
                44.7535512
              ],
              [
                12.2500567,
                44.7535146
              ],
              [
                12.2485115,
                44.7522941
              ],
              [
                12.2471957,
                44.752343
              ],
              [
                12.2473406,
                44.7540916
              ],
              [
                12.248059,
                44.7562445
              ],
              [
                12.2483979,
                44.7573358
              ],
              [
                12.2487074,
                44.7572809
              ],
              [
                12.2487738,
                44.7573711
              ],
              [
                12.2486948,
                44.7574553
              ],
              [
                12.2480863,
                44.7575323
              ],
              [
                12.2475951,
                44.7583678
              ],
              [
                12.2475421,
                44.759004
              ],
              [
                12.2485193,
                44.7625532
              ],
              [
                12.2486856,
                44.763431
              ],
              [
                12.2504422,
                44.766127
              ],
              [
                12.25152,
                44.766879
              ],
              [
                12.2518251,
                44.7681071
              ],
              [
                12.2536309,
                44.7722873
              ],
              [
                12.2552629,
                44.7757268
              ],
              [
                12.2567199,
                44.7790146
              ],
              [
                12.2572421,
                44.7806186
              ],
              [
                12.2575452,
                44.7809175
              ],
              [
                12.2585797,
                44.7823049
              ],
              [
                12.2611451,
                44.7858606
              ],
              [
                12.2635263,
                44.789091
              ],
              [
                12.2634782,
                44.7894001
              ],
              [
                12.2654068,
                44.7913366
              ],
              [
                12.26615,
                44.7919268
              ],
              [
                12.2670723,
                44.7929211
              ],
              [
                12.2680173,
                44.7941999
              ],
              [
                12.2689171,
                44.7952056
              ],
              [
                12.2690556,
                44.7954977
              ],
              [
                12.2701272,
                44.7969215
              ],
              [
                12.2718286,
                44.7991223
              ],
              [
                12.271865,
                44.7993654
              ],
              [
                12.2722013,
                44.8000301
              ],
              [
                12.2725109,
                44.8004926
              ],
              [
                12.2729884,
                44.800985
              ],
              [
                12.2736369,
                44.8018249
              ],
              [
                12.2737862,
                44.8025442
              ],
              [
                12.273955,
                44.8029954
              ],
              [
                12.2741966,
                44.8032409
              ],
              [
                12.2744624,
                44.8035029
              ],
              [
                12.2748535,
                44.8038479
              ],
              [
                12.2757183,
                44.8037901
              ],
              [
                12.3041138,
                44.8018907
              ],
              [
                12.3139168,
                44.7941861
              ],
              [
                12.3143139,
                44.793874
              ],
              [
                12.3142496,
                44.7932801
              ],
              [
                12.315022,
                44.7925035
              ],
              [
                12.3159232,
                44.7917116
              ],
              [
                12.3168888,
                44.7911787
              ],
              [
                12.3186698,
                44.7902802
              ],
              [
                12.3220959,
                44.7892026
              ],
              [
                12.3227978,
                44.788943
              ],
              [
                12.3234245,
                44.7887655
              ],
              [
                12.3245092,
                44.7884795
              ],
              [
                12.3259586,
                44.7882673
              ],
              [
                12.3279672,
                44.7881595
              ],
              [
                12.3294915,
                44.7879771
              ],
              [
                12.3299002,
                44.7879198
              ],
              [
                12.3308497,
                44.787718
              ],
              [
                12.3305762,
                44.7876038
              ],
              [
                12.3303187,
                44.787501
              ],
              [
                12.330265,
                44.7873449
              ],
              [
                12.3310851,
                44.7872126
              ],
              [
                12.3319603,
                44.7872225
              ],
              [
                12.3327434,
                44.7870555
              ],
              [
                12.3330438,
                44.7869108
              ],
              [
                12.3333003,
                44.7868978
              ],
              [
                12.3337197,
                44.7868766
              ],
              [
                12.3340744,
                44.7868078
              ],
              [
                12.3344707,
                44.7867319
              ],
              [
                12.3368031,
                44.7860448
              ],
              [
                12.3375221,
                44.7859249
              ],
              [
                12.3381346,
                44.7858714
              ],
              [
                12.3398083,
                44.7857724
              ],
              [
                12.3405612,
                44.7857609
              ],
              [
                12.3411977,
                44.7856925
              ],
              [
                12.3418629,
                44.7855097
              ],
              [
                12.3425281,
                44.7854412
              ],
              [
                12.3436332,
                44.7854412
              ],
              [
                12.3449582,
                44.7854145
              ],
              [
                12.3457253,
                44.7853232
              ],
              [
                12.344647,
                44.7850909
              ],
              [
                12.3502596,
                44.7850924
              ],
              [
                12.3535378,
                44.7852252
              ],
              [
                12.3550004,
                44.7852813
              ],
              [
                12.3555583,
                44.7852546
              ],
              [
                12.3559069,
                44.7851671
              ],
              [
                12.3561322,
                44.785049
              ],
              [
                12.3566204,
                44.7849653
              ],
              [
                12.3570764,
                44.7849196
              ],
              [
                12.3573875,
                44.7848168
              ],
              [
                12.357822,
                44.7847521
              ],
              [
                12.3580312,
                44.7846797
              ],
              [
                12.358219,
                44.7846721
              ],
              [
                12.3586655,
                44.7846738
              ],
              [
                12.3598659,
                44.7846188
              ],
              [
                12.3614048,
                44.7847081
              ],
              [
                12.3616843,
                44.7846619
              ],
              [
                12.3618775,
                44.7846074
              ],
              [
                12.3621046,
                44.7844646
              ],
              [
                12.362414,
                44.7843827
              ],
              [
                12.3626123,
                44.7842933
              ],
              [
                12.3631435,
                44.7842457
              ],
              [
                12.3643903,
                44.7842963
              ],
              [
                12.3657346,
                44.7843942
              ],
              [
                12.3670971,
                44.7844513
              ],
              [
                12.3676336,
                44.784436
              ],
              [
                12.3680639,
                44.7843696
              ],
              [
                12.3687625,
                44.7843798
              ],
              [
                12.3694414,
                44.7844208
              ],
              [
                12.3702299,
                44.7843637
              ],
              [
                12.3705679,
                44.7843599
              ],
              [
                12.3710024,
                44.7844056
              ],
              [
                12.3719036,
                44.7844589
              ],
              [
                12.3727244,
                44.7845046
              ],
              [
                12.3733145,
                44.7845198
              ],
              [
                12.3737651,
                44.7844893
              ],
              [
                12.3740923,
                44.7845122
              ],
              [
                12.3744249,
                44.784516
              ],
              [
                12.3746985,
                44.7844513
              ],
              [
                12.3750365,
                44.7844475
              ],
              [
                12.37553,
                44.7844741
              ],
              [
                12.3759699,
                44.7844627
              ],
              [
                12.3750204,
                44.784299
              ],
              [
                12.3745429,
                44.7842457
              ],
              [
                12.3738938,
                44.7842342
              ],
              [
                12.3731857,
                44.7841467
              ],
              [
                12.3725956,
                44.7841695
              ],
              [
                12.3723757,
                44.7841124
              ],
              [
                12.3721343,
                44.7840401
              ],
              [
                12.3717481,
                44.7839791
              ],
              [
                12.371394,
                44.7839677
              ],
              [
                12.3710668,
                44.7839829
              ],
              [
                12.3706645,
                44.7839677
              ],
              [
                12.3701656,
                44.7838725
              ],
              [
                12.3701066,
                44.7838116
              ],
              [
                12.3702353,
                44.7837545
              ],
              [
                12.3704338,
                44.7837507
              ],
              [
                12.3710131,
                44.7838078
              ],
              [
                12.3718805,
                44.7837933
              ],
              [
                12.3720593,
                44.7837953
              ],
              [
                12.3722985,
                44.7836529
              ],
              [
                12.3726225,
                44.7835908
              ],
              [
                12.3733391,
                44.7833352
              ],
              [
                12.3736202,
                44.7837088
              ],
              [
                12.3742211,
                44.7836288
              ],
              [
                12.3745697,
                44.7836441
              ],
              [
                12.3749238,
                44.7836707
              ],
              [
                12.3757285,
                44.7837735
              ],
              [
                12.376576,
                44.7837773
              ],
              [
                12.3769837,
                44.7838002
              ],
              [
                12.3774665,
                44.7838535
              ],
              [
                12.3777884,
                44.7838763
              ],
              [
                12.3780705,
                44.7838738
              ],
              [
                12.3792583,
                44.7838916
              ],
              [
                12.3798162,
                44.7838459
              ],
              [
                12.3802882,
                44.7837583
              ],
              [
                12.3809963,
                44.7838154
              ],
              [
                12.3814921,
                44.7838841
              ],
              [
                12.3820897,
                44.7839871
              ],
              [
                12.382831,
                44.7841162
              ],
              [
                12.3839199,
                44.784101
              ],
              [
                12.3844204,
                44.7841163
              ],
              [
                12.3849315,
                44.7842778
              ],
              [
                12.385703,
                44.7842176
              ],
              [
                12.3862776,
                44.7848015
              ],
              [
                12.3868569,
                44.7849462
              ],
              [
                12.3873022,
                44.7850071
              ],
              [
                12.3878392,
                44.7850112
              ],
              [
                12.3882624,
                44.7850985
              ],
              [
                12.3890365,
                44.7853125
              ],
              [
                12.3894855,
                44.7855211
              ],
              [
                12.3907414,
                44.7862695
              ],
              [
                12.3917181,
                44.7866451
              ],
              [
                12.3920122,
                44.7868004
              ],
              [
                12.392216,
                44.7870022
              ],
              [
                12.3926076,
                44.7872878
              ],
              [
                12.3943087,
                44.7886604
              ],
              [
                12.3947105,
                44.7891704
              ],
              [
                12.3953798,
                44.7896636
              ],
              [
                12.3957351,
                44.7900461
              ],
              [
                12.3958638,
                44.7902212
              ],
              [
                12.3960837,
                44.7902897
              ],
              [
                12.3964244,
                44.7904915
              ],
              [
                12.3965792,
                44.7905314
              ],
              [
                12.3967812,
                44.7904163
              ],
              [
                12.3967927,
                44.7904158
              ],
              [
                12.3969032,
                44.7904115
              ],
              [
                12.3967264,
                44.7905037
              ],
              [
                12.3968139,
                44.790642
              ],
              [
                12.3971034,
                44.7906944
              ],
              [
                12.3971727,
                44.7909236
              ],
              [
                12.3973737,
                44.791026
              ],
              [
                12.3976122,
                44.7910972
              ],
              [
                12.3978589,
                44.7911329
              ],
              [
                12.3980257,
                44.7911387
              ],
              [
                12.3983382,
                44.7910935
              ],
              [
                12.3984088,
                44.7908515
              ],
              [
                12.3983566,
                44.7908023
              ],
              [
                12.3984141,
                44.7907203
              ],
              [
                12.3984998,
                44.7907125
              ],
              [
                12.398546,
                44.7907485
              ],
              [
                12.3985733,
                44.7908555
              ],
              [
                12.3983166,
                44.7915689
              ],
              [
                12.3982169,
                44.7916622
              ],
              [
                12.3976732,
                44.7920706
              ],
              [
                12.3987725,
                44.7924148
              ],
              [
                12.3972516,
                44.7930342
              ],
              [
                12.3959237,
                44.7935888
              ],
              [
                12.3911522,
                44.7955466
              ],
              [
                12.3899707,
                44.7960314
              ],
              [
                12.388574,
                44.7967574
              ],
              [
                12.387026,
                44.7974394
              ],
              [
                12.386328,
                44.7978159
              ],
              [
                12.3857558,
                44.7983132
              ],
              [
                12.3848292,
                44.7990609
              ],
              [
                12.3839289,
                44.7994747
              ],
              [
                12.3826574,
                44.7999064
              ],
              [
                12.3796672,
                44.8008419
              ],
              [
                12.377931,
                44.8020229
              ],
              [
                12.3767749,
                44.802836
              ],
              [
                12.3749272,
                44.8039812
              ],
              [
                12.3727856,
                44.805252
              ],
              [
                12.3714678,
                44.8061088
              ],
              [
                12.3689984,
                44.8076223
              ],
              [
                12.3681814,
                44.8081527
              ],
              [
                12.3653896,
                44.8100073
              ],
              [
                12.3637893,
                44.8111839
              ],
              [
                12.3619581,
                44.8121532
              ],
              [
                12.359955,
                44.8129912
              ],
              [
                12.3582331,
                44.8134897
              ],
              [
                12.3565531,
                44.8142402
              ],
              [
                12.355128,
                44.815139
              ],
              [
                12.3538938,
                44.8162659
              ],
              [
                12.3531776,
                44.8171243
              ],
              [
                12.3522801,
                44.8186308
              ],
              [
                12.3511865,
                44.8205323
              ],
              [
                12.3507886,
                44.821693
              ],
              [
                12.3502063,
                44.8229759
              ],
              [
                12.3496503,
                44.8242385
              ],
              [
                12.3493892,
                44.8246926
              ],
              [
                12.3486853,
                44.8257649
              ],
              [
                12.3478057,
                44.8271149
              ],
              [
                12.3469158,
                44.8287573
              ],
              [
                12.3458596,
                44.8303657
              ],
              [
                12.3453247,
                44.8319977
              ],
              [
                12.3445743,
                44.8341618
              ],
              [
                12.3444298,
                44.8350781
              ],
              [
                12.3444146,
                44.8359839
              ],
              [
                12.3443804,
                44.8362497
              ],
              [
                12.3441061,
                44.8381271
              ],
              [
                12.3439648,
                44.8399422
              ],
              [
                12.3437971,
                44.8422448
              ],
              [
                12.3434459,
                44.8446892
              ],
              [
                12.3431008,
                44.8467634
              ],
              [
                12.3423174,
                44.8482497
              ],
              [
                12.342235,
                44.8483835
              ],
              [
                12.3419643,
                44.8487452
              ],
              [
                12.3416672,
                44.8491176
              ],
              [
                12.3414167,
                44.8493364
              ],
              [
                12.3410374,
                44.8496002
              ],
              [
                12.3401779,
                44.8502055
              ],
              [
                12.3393556,
                44.8507723
              ],
              [
                12.3383463,
                44.8512885
              ],
              [
                12.3374081,
                44.8516715
              ],
              [
                12.3364499,
                44.8519335
              ],
              [
                12.3349832,
                44.8522758
              ],
              [
                12.3335423,
                44.852608
              ],
              [
                12.3323222,
                44.8527478
              ],
              [
                12.3319581,
                44.8528587
              ],
              [
                12.331616,
                44.8529615
              ],
              [
                12.3312002,
                44.8530458
              ],
              [
                12.3307767,
                44.8530539
              ],
              [
                12.3304565,
                44.8531159
              ],
              [
                12.3298252,
                44.8531698
              ],
              [
                12.3294744,
                44.8531269
              ],
              [
                12.329043,
                44.8529802
              ],
              [
                12.328581,
                44.8529495
              ],
              [
                12.3257805,
                44.8529516
              ],
              [
                12.3255707,
                44.852993
              ],
              [
                12.3249371,
                44.8530733
              ],
              [
                12.3244485,
                44.8531495
              ],
              [
                12.3240021,
                44.8532471
              ],
              [
                12.3239043,
                44.8532685
              ],
              [
                12.3233196,
                44.8534402
              ],
              [
                12.3228061,
                44.8535892
              ],
              [
                12.3218438,
                44.8537514
              ],
              [
                12.320836,
                44.853889
              ],
              [
                12.3204271,
                44.8539701
              ],
              [
                12.3195435,
                44.8540862
              ],
              [
                12.3172564,
                44.854673
              ],
              [
                12.3164144,
                44.8548748
              ],
              [
                12.3156889,
                44.8550577
              ],
              [
                12.3138828,
                44.8549394
              ],
              [
                12.3136025,
                44.854939
              ],
              [
                12.3133703,
                44.8549355
              ],
              [
                12.3105001,
                44.8549571
              ],
              [
                12.3096465,
                44.8549921
              ],
              [
                12.3086365,
                44.8550834
              ],
              [
                12.3079005,
                44.8551459
              ],
              [
                12.3072218,
                44.8551966
              ],
              [
                12.3052974,
                44.855273
              ],
              [
                12.3047334,
                44.8552997
              ],
              [
                12.3033332,
                44.8554136
              ],
              [
                12.3025126,
                44.8555198
              ],
              [
                12.3017963,
                44.8556747
              ],
              [
                12.3008641,
                44.8558564
              ],
              [
                12.3002196,
                44.8559988
              ],
              [
                12.299665,
                44.8561902
              ],
              [
                12.2986461,
                44.8566323
              ],
              [
                12.2980545,
                44.8569383
              ],
              [
                12.2972401,
                44.8574053
              ],
              [
                12.2960552,
                44.8582442
              ],
              [
                12.2957356,
                44.8584906
              ],
              [
                12.2954256,
                44.8589018
              ],
              [
                12.2950456,
                44.8593578
              ],
              [
                12.2939202,
                44.8607312
              ],
              [
                12.2933243,
                44.8614705
              ],
              [
                12.2926189,
                44.8623264
              ],
              [
                12.2923348,
                44.8626853
              ],
              [
                12.2916614,
                44.8638485
              ],
              [
                12.291396,
                44.864279
              ],
              [
                12.2910033,
                44.8650603
              ],
              [
                12.2908817,
                44.865181
              ],
              [
                12.2905424,
                44.8653352
              ],
              [
                12.2903728,
                44.8654123
              ],
              [
                12.2902513,
                44.8655706
              ],
              [
                12.2899931,
                44.8658771
              ],
              [
                12.289764,
                44.8661829
              ],
              [
                12.2894272,
                44.8666362
              ],
              [
                12.2889949,
                44.8671953
              ],
              [
                12.2883936,
                44.8678419
              ],
              [
                12.2878599,
                44.8684042
              ],
              [
                12.2874513,
                44.8688698
              ],
              [
                12.2870566,
                44.8693248
              ],
              [
                12.2867678,
                44.8696012
              ],
              [
                12.2864628,
                44.8701052
              ],
              [
                12.2862965,
                44.8707496
              ],
              [
                12.2861741,
                44.8714029
              ],
              [
                12.2861095,
                44.8717968
              ],
              [
                12.2861623,
                44.8719603
              ],
              [
                12.286294,
                44.872235
              ],
              [
                12.2865949,
                44.8726972
              ],
              [
                12.2864799,
                44.8729509
              ],
              [
                12.2859646,
                44.874348
              ],
              [
                12.2854897,
                44.8754345
              ],
              [
                12.2852267,
                44.8761641
              ],
              [
                12.2849645,
                44.8774195
              ],
              [
                12.2846358,
                44.8782967
              ],
              [
                12.2844646,
                44.8790843
              ],
              [
                12.2844055,
                44.8800867
              ],
              [
                12.2842951,
                44.881968
              ],
              [
                12.2843164,
                44.8825965
              ],
              [
                12.2843484,
                44.8844315
              ],
              [
                12.2842894,
                44.8854337
              ],
              [
                12.2841427,
                44.8864178
              ],
              [
                12.2840788,
                44.8886055
              ],
              [
                12.284081,
                44.889152
              ],
              [
                12.2841886,
                44.8897675
              ],
              [
                12.2845454,
                44.8909223
              ],
              [
                12.2851467,
                44.8935854
              ],
              [
                12.2853619,
                44.8948164
              ],
              [
                12.2855031,
                44.8962761
              ],
              [
                12.2854857,
                44.896988
              ],
              [
                12.2854131,
                44.8974953
              ],
              [
                12.2852414,
                44.8980466
              ],
              [
                12.284983,
                44.899116
              ],
              [
                12.2848888,
                44.8994253
              ],
              [
                12.2848427,
                44.8999253
              ],
              [
                12.2846993,
                44.9010749
              ],
              [
                12.2845133,
                44.9020031
              ],
              [
                12.2842386,
                44.9029438
              ],
              [
                12.2839604,
                44.9038216
              ],
              [
                12.2836206,
                44.9046693
              ],
              [
                12.2831127,
                44.9054477
              ],
              [
                12.2826959,
                44.9059901
              ],
              [
                12.2820587,
                44.9076432
              ],
              [
                12.2818206,
                44.9081804
              ],
              [
                12.2814256,
                44.9093691
              ],
              [
                12.2815503,
                44.9105112
              ],
              [
                12.2817231,
                44.911185
              ],
              [
                12.282191,
                44.9122065
              ],
              [
                12.2822175,
                44.9122644
              ],
              [
                12.2827389,
                44.9127691
              ],
              [
                12.2835891,
                44.9138054
              ],
              [
                12.2848962,
                44.9149982
              ],
              [
                12.2855428,
                44.9156054
              ],
              [
                12.2868214,
                44.9168211
              ],
              [
                12.2872927,
                44.9172319
              ],
              [
                12.2886178,
                44.9184771
              ],
              [
                12.2897931,
                44.9194508
              ],
              [
                12.2909739,
                44.9205197
              ],
              [
                12.2918094,
                44.9212912
              ],
              [
                12.292329,
                44.9217641
              ],
              [
                12.2928554,
                44.9223535
              ],
              [
                12.2934451,
                44.9230047
              ],
              [
                12.2937525,
                44.9234201
              ],
              [
                12.2941125,
                44.9239719
              ],
              [
                12.2946465,
                44.9249533
              ],
              [
                12.2947561,
                44.9255654
              ],
              [
                12.2947833,
                44.9265617
              ],
              [
                12.294733,
                44.9269874
              ],
              [
                12.2944873,
                44.9276522
              ],
              [
                12.2940391,
                44.9286927
              ],
              [
                12.2938332,
                44.9290063
              ],
              [
                12.2931712,
                44.9297043
              ],
              [
                12.2923911,
                44.9306814
              ],
              [
                12.2918429,
                44.9312806
              ],
              [
                12.29115,
                44.9319582
              ],
              [
                12.2896435,
                44.933295
              ],
              [
                12.2893556,
                44.9334836
              ],
              [
                12.2877453,
                44.9348347
              ],
              [
                12.2870332,
                44.9354386
              ],
              [
                12.2863092,
                44.936096
              ],
              [
                12.2858151,
                44.9365981
              ],
              [
                12.2847214,
                44.9381053
              ],
              [
                12.2840796,
                44.9388981
              ],
              [
                12.2836434,
                44.9393668
              ],
              [
                12.2818499,
                44.940914
              ],
              [
                12.2814642,
                44.9412221
              ],
              [
                12.2808567,
                44.9415684
              ],
              [
                12.2802444,
                44.9418299
              ],
              [
                12.279267,
                44.9422399
              ],
              [
                12.276769,
                44.9429581
              ],
              [
                12.2763414,
                44.9430553
              ],
              [
                12.2762394,
                44.9431006
              ],
              [
                12.2753627,
                44.9431788
              ],
              [
                12.2745891,
                44.9432329
              ],
              [
                12.2733623,
                44.9431938
              ],
              [
                12.2722169,
                44.9430145
              ],
              [
                12.2703415,
                44.9426027
              ],
              [
                12.2693083,
                44.9422929
              ],
              [
                12.2684749,
                44.9418183
              ],
              [
                12.2679034,
                44.9414846
              ],
              [
                12.2666807,
                44.9404695
              ],
              [
                12.2658514,
                44.9398038
              ],
              [
                12.2648376,
                44.9387828
              ],
              [
                12.2644659,
                44.9382843
              ],
              [
                12.2642708,
                44.9380034
              ],
              [
                12.2631972,
                44.9374489
              ],
              [
                12.2628891,
                44.9373416
              ],
              [
                12.2622163,
                44.937329
              ],
              [
                12.2617703,
                44.9373629
              ],
              [
                12.2611101,
                44.9375728
              ],
              [
                12.2606808,
                44.9379033
              ],
              [
                12.2604149,
                44.9382185
              ],
              [
                12.260102,
                44.9387578
              ],
              [
                12.2599578,
                44.9391119
              ],
              [
                12.2599031,
                44.9394635
              ],
              [
                12.2599664,
                44.9397905
              ],
              [
                12.2600064,
                44.9399697
              ],
              [
                12.260195,
                44.9403992
              ],
              [
                12.2602989,
                44.940916
              ],
              [
                12.2605623,
                44.9416085
              ],
              [
                12.2605958,
                44.9419364
              ],
              [
                12.2604891,
                44.9421621
              ],
              [
                12.2601879,
                44.9423829
              ],
              [
                12.2598552,
                44.9425727
              ],
              [
                12.2593542,
                44.9426932
              ],
              [
                12.2587328,
                44.9427957
              ],
              [
                12.258017,
                44.9428162
              ],
              [
                12.2572362,
                44.942743
              ],
              [
                12.2565395,
                44.942572
              ],
              [
                12.255343,
                44.9422773
              ],
              [
                12.254351,
                44.9419026
              ],
              [
                12.2534341,
                44.9415362
              ],
              [
                12.2531836,
                44.9413312
              ],
              [
                12.2528841,
                44.9407882
              ],
              [
                12.2527826,
                44.9403138
              ],
              [
                12.2528535,
                44.939983
              ],
              [
                12.2529792,
                44.9395657
              ],
              [
                12.253398,
                44.9389224
              ],
              [
                12.2536222,
                44.9386082
              ],
              [
                12.2540674,
                44.9382097
              ],
              [
                12.2543799,
                44.937925
              ],
              [
                12.2550519,
                44.9373967
              ],
              [
                12.2554049,
                44.9370365
              ],
              [
                12.2554309,
                44.9364419
              ],
              [
                12.2553525,
                44.9358803
              ],
              [
                12.2553351,
                44.9352896
              ],
              [
                12.2553291,
                44.9349067
              ],
              [
                12.2551383,
                44.9347001
              ],
              [
                12.253695,
                44.9344934
              ],
              [
                12.252303,
                44.9343068
              ],
              [
                12.251244,
                44.9342574
              ],
              [
                12.2498737,
                44.9343646
              ],
              [
                12.2489909,
                44.9346066
              ],
              [
                12.2486157,
                44.9347236
              ],
              [
                12.2477178,
                44.9349987
              ],
              [
                12.2451115,
                44.9358215
              ],
              [
                12.2436762,
                44.9359123
              ],
              [
                12.2429901,
                44.9358944
              ],
              [
                12.2420121,
                44.9356851
              ],
              [
                12.2401492,
                44.9352014
              ],
              [
                12.2398528,
                44.9350851
              ],
              [
                12.2388023,
                44.9345222
              ],
              [
                12.2381166,
                44.9340426
              ],
              [
                12.2365344,
                44.9325995
              ],
              [
                12.2361151,
                44.9322495
              ],
              [
                12.2354605,
                44.9312917
              ],
              [
                12.2349815,
                44.9304256
              ],
              [
                12.2345396,
                44.9295958
              ],
              [
                12.2338914,
                44.9285972
              ],
              [
                12.2337669,
                44.9284136
              ],
              [
                12.2326739,
                44.927176
              ],
              [
                12.2322088,
                44.9268488
              ],
              [
                12.2308229,
                44.9256167
              ],
              [
                12.2304009,
                44.9253169
              ],
              [
                12.2301217,
                44.9251569
              ],
              [
                12.2297511,
                44.9249047
              ],
              [
                12.2296957,
                44.9247851
              ],
              [
                12.2295407,
                44.9244297
              ],
              [
                12.2292212,
                44.9241509
              ],
              [
                12.2287669,
                44.923876
              ],
              [
                12.2280711,
                44.9235119
              ],
              [
                12.2280118,
                44.9226772
              ],
              [
                12.2273935,
                44.9223497
              ],
              [
                12.2266091,
                44.9218494
              ],
              [
                12.2268455,
                44.921342
              ],
              [
                12.226943,
                44.9207546
              ],
              [
                12.2274823,
                44.919844
              ],
              [
                12.2279883,
                44.9192404
              ],
              [
                12.2280299,
                44.9185223
              ],
              [
                12.2283121,
                44.9170525
              ],
              [
                12.2278126,
                44.9149564
              ],
              [
                12.2270867,
                44.91267
              ],
              [
                12.2262757,
                44.9103706
              ],
              [
                12.2259163,
                44.9092881
              ],
              [
                12.2256504,
                44.9091349
              ],
              [
                12.2245211,
                44.9092474
              ],
              [
                12.224347,
                44.9086205
              ],
              [
                12.2244304,
                44.9080016
              ],
              [
                12.2244212,
                44.9077076
              ],
              [
                12.223924,
                44.9067598
              ],
              [
                12.2241594,
                44.9053332
              ],
              [
                12.2241122,
                44.905084
              ],
              [
                12.2233736,
                44.9029311
              ],
              [
                12.2232241,
                44.9012127
              ],
              [
                12.2230797,
                44.9008384
              ],
              [
                12.2227535,
                44.9002695
              ],
              [
                12.2225884,
                44.8998282
              ],
              [
                12.2224225,
                44.8994872
              ],
              [
                12.2224996,
                44.8986654
              ],
              [
                12.2222829,
                44.8979355
              ],
              [
                12.2222476,
                44.8977222
              ],
              [
                12.222206,
                44.8974977
              ],
              [
                12.2220669,
                44.897292
              ],
              [
                12.2220128,
                44.8970991
              ],
              [
                12.2219638,
                44.8963858
              ],
              [
                12.2221812,
                44.8963409
              ],
              [
                12.2222887,
                44.8963187
              ],
              [
                12.2225763,
                44.8961149
              ],
              [
                12.223011,
                44.8952096
              ],
              [
                12.2230357,
                44.8947938
              ],
              [
                12.2235185,
                44.8924593
              ],
              [
                12.2234076,
                44.8911616
              ],
              [
                12.2252395,
                44.89116
              ],
              [
                12.2251409,
                44.8881762
              ],
              [
                12.2251113,
                44.8877761
              ],
              [
                12.2252853,
                44.8877349
              ],
              [
                12.2255243,
                44.8878294
              ],
              [
                12.2258433,
                44.8878027
              ],
              [
                12.2259096,
                44.8876471
              ],
              [
                12.2257746,
                44.8874028
              ],
              [
                12.2257376,
                44.8868799
              ],
              [
                12.2258812,
                44.8867768
              ],
              [
                12.2265904,
                44.8867682
              ],
              [
                12.2267007,
                44.886922
              ],
              [
                12.2266448,
                44.8874671
              ],
              [
                12.2265546,
                44.8898063
              ],
              [
                12.2265611,
                44.8925494
              ],
              [
                12.2267352,
                44.8964883
              ],
              [
                12.2276945,
                44.9005366
              ],
              [
                12.2273936,
                44.900729
              ],
              [
                12.2278218,
                44.9014195
              ],
              [
                12.2289698,
                44.9045598
              ],
              [
                12.231018,
                44.9090822
              ],
              [
                12.2308863,
                44.9093644
              ],
              [
                12.2320406,
                44.9119247
              ],
              [
                12.2319749,
                44.9129414
              ],
              [
                12.2321113,
                44.9136937
              ],
              [
                12.2311691,
                44.9153428
              ],
              [
                12.2316992,
                44.9157882
              ],
              [
                12.2312704,
                44.9160894
              ],
              [
                12.2302184,
                44.9166911
              ],
              [
                12.229533,
                44.9172664
              ],
              [
                12.2288316,
                44.9178611
              ],
              [
                12.2287771,
                44.9180881
              ],
              [
                12.2294699,
                44.9180648
              ],
              [
                12.2296025,
                44.9187882
              ],
              [
                12.2316644,
                44.9188684
              ],
              [
                12.2323574,
                44.9191532
              ],
              [
                12.232435,
                44.9196343
              ],
              [
                12.2330469,
                44.9198359
              ],
              [
                12.2338647,
                44.9198301
              ],
              [
                12.2342555,
                44.9195945
              ],
              [
                12.2337372,
                44.9191449
              ],
              [
                12.2340345,
                44.9187149
              ],
              [
                12.2330673,
                44.9182326
              ],
              [
                12.233677,
                44.9174381
              ],
              [
                12.2347791,
                44.9178737
              ],
              [
                12.2368888,
                44.9159186
              ],
              [
                12.237614,
                44.915225
              ],
              [
                12.2382268,
                44.9142813
              ],
              [
                12.2382219,
                44.9140774
              ],
              [
                12.2402851,
                44.9113374
              ],
              [
                12.2432693,
                44.9078429
              ],
              [
                12.2449725,
                44.9061831
              ],
              [
                12.2449674,
                44.9051215
              ],
              [
                12.2489835,
                44.9035833
              ],
              [
                12.2582298,
                44.9040257
              ],
              [
                12.2581247,
                44.9033543
              ],
              [
                12.2570392,
                44.9020108
              ],
              [
                12.2592377,
                44.9011098
              ],
              [
                12.2578578,
                44.8994365
              ],
              [
                12.2578699,
                44.8992405
              ],
              [
                12.2612001,
                44.8977091
              ],
              [
                12.2605715,
                44.8972817
              ],
              [
                12.2650893,
                44.8949576
              ],
              [
                12.2689256,
                44.8928469
              ],
              [
                12.2680124,
                44.8908192
              ],
              [
                12.2666758,
                44.889674
              ],
              [
                12.2591498,
                44.8852236
              ],
              [
                12.2619357,
                44.8796429
              ],
              [
                12.2592524,
                44.8776371
              ],
              [
                12.2582776,
                44.8767233
              ],
              [
                12.2507861,
                44.8679863
              ],
              [
                12.2479659,
                44.8696657
              ],
              [
                12.2475689,
                44.8685373
              ],
              [
                12.2469341,
                44.8657
              ],
              [
                12.2456289,
                44.8655691
              ],
              [
                12.2456678,
                44.8650409
              ],
              [
                12.245435,
                44.8644366
              ],
              [
                12.245395,
                44.8583146
              ],
              [
                12.2449735,
                44.8575404
              ],
              [
                12.2441537,
                44.8567305
              ],
              [
                12.2419332,
                44.8566505
              ],
              [
                12.2368825,
                44.8559794
              ],
              [
                12.2342173,
                44.8553303
              ],
              [
                12.2344232,
                44.8547917
              ],
              [
                12.230097,
                44.8538288
              ],
              [
                12.2301798,
                44.8535415
              ],
              [
                12.2270007,
                44.8527795
              ],
              [
                12.2270997,
                44.8525434
              ],
              [
                12.2274943,
                44.8511485
              ],
              [
                12.2270371,
                44.851121
              ],
              [
                12.2269435,
                44.8515366
              ],
              [
                12.2248419,
                44.8513877
              ],
              [
                12.2263779,
                44.8453913
              ],
              [
                12.2261821,
                44.8453467
              ],
              [
                12.2262055,
                44.8451075
              ],
              [
                12.2261416,
                44.8447971
              ],
              [
                12.2221033,
                44.8447746
              ],
              [
                12.2220934,
                44.8433674
              ],
              [
                12.2239125,
                44.8370088
              ],
              [
                12.2240492,
                44.8356456
              ],
              [
                12.2265179,
                44.8291222
              ],
              [
                12.2267686,
                44.8287999
              ],
              [
                12.227608,
                44.8268311
              ],
              [
                12.2277708,
                44.8264035
              ],
              [
                12.2363717,
                44.8101959
              ],
              [
                12.2292238,
                44.8098254
              ],
              [
                12.2293629,
                44.8076999
              ],
              [
                12.223939,
                44.8075054
              ],
              [
                12.2199914,
                44.8074828
              ],
              [
                12.2195628,
                44.8126728
              ],
              [
                12.2161718,
                44.8125515
              ],
              [
                12.210893,
                44.8123674
              ],
              [
                12.21075,
                44.8163752
              ],
              [
                12.2100372,
                44.8206881
              ],
              [
                12.2042919,
                44.8208898
              ],
              [
                12.2029505,
                44.8205628
              ],
              [
                12.2021704,
                44.8208448
              ],
              [
                12.2012291,
                44.8204554
              ],
              [
                12.2011786,
                44.8195596
              ],
              [
                12.19117,
                44.8198451
              ],
              [
                12.1897828,
                44.8202249
              ],
              [
                12.1893492,
                44.8211703
              ],
              [
                12.1898034,
                44.8229106
              ],
              [
                12.1906695,
                44.8240194
              ],
              [
                12.1924287,
                44.8256625
              ],
              [
                12.194256,
                44.8263929
              ],
              [
                12.1942048,
                44.8266168
              ],
              [
                12.1928038,
                44.8289958
              ],
              [
                12.1803865,
                44.8453427
              ],
              [
                12.1755004,
                44.8448494
              ],
              [
                12.1752155,
                44.8444804
              ],
              [
                12.172393,
                44.8443007
              ],
              [
                12.1691218,
                44.843312
              ],
              [
                12.1691033,
                44.8454683
              ],
              [
                12.1685791,
                44.8455123
              ],
              [
                12.1682897,
                44.8497649
              ],
              [
                12.1646046,
                44.849952
              ],
              [
                12.1642445,
                44.8481812
              ],
              [
                12.1643318,
                44.843268
              ],
              [
                12.1648871,
                44.8390215
              ],
              [
                12.1647498,
                44.8383506
              ],
              [
                12.1659794,
                44.8381344
              ],
              [
                12.1667633,
                44.8345951
              ],
              [
                12.1669621,
                44.8336629
              ],
              [
                12.1675165,
                44.8324494
              ],
              [
                12.1679938,
                44.8321408
              ],
              [
                12.1685247,
                44.8320635
              ],
              [
                12.1736129,
                44.8320875
              ],
              [
                12.1793618,
                44.8198577
              ],
              [
                12.1795135,
                44.8190232
              ],
              [
                12.1777338,
                44.815676
              ],
              [
                12.1775904,
                44.8141221
              ],
              [
                12.1776879,
                44.8089969
              ],
              [
                12.1801229,
                44.8087442
              ],
              [
                12.1799742,
                44.8072237
              ],
              [
                12.180155,
                44.8059404
              ],
              [
                12.1797766,
                44.8038825
              ],
              [
                12.1802988,
                44.8013321
              ],
              [
                12.1804912,
                44.7981514
              ],
              [
                12.180597,
                44.7952322
              ],
              [
                12.180983,
                44.7943904
              ],
              [
                12.1809628,
                44.7937394
              ],
              [
                12.1813734,
                44.7921444
              ],
              [
                12.1825437,
                44.7874147
              ],
              [
                12.1828115,
                44.7861671
              ],
              [
                12.1820091,
                44.786072
              ],
              [
                12.1824562,
                44.784784
              ],
              [
                12.1829719,
                44.7834998
              ],
              [
                12.18395,
                44.7816969
              ],
              [
                12.1863224,
                44.7753156
              ],
              [
                12.1872905,
                44.7725844
              ],
              [
                12.1889146,
                44.7688805
              ],
              [
                12.1923301,
                44.7619613
              ],
              [
                12.2059631,
                44.7611192
              ],
              [
                12.226208,
                44.7598381
              ],
              [
                12.2268134,
                44.7596149
              ],
              [
                12.2232628,
                44.7533919
              ],
              [
                12.2194993,
                44.7532479
              ],
              [
                12.218934,
                44.7530357
              ],
              [
                12.2103715,
                44.7467257
              ],
              [
                12.2071722,
                44.7427977
              ],
              [
                12.2064901,
                44.7425242
              ],
              [
                12.20292,
                44.7407997
              ],
              [
                12.2030989,
                44.7393773
              ],
              [
                12.2035951,
                44.7384006
              ],
              [
                12.2065732,
                44.7350102
              ],
              [
                12.2096801,
                44.7313282
              ],
              [
                12.2101694,
                44.7301867
              ],
              [
                12.2106448,
                44.7280479
              ],
              [
                12.2128478,
                44.728412
              ],
              [
                12.2138503,
                44.7283714
              ],
              [
                12.2139869,
                44.7273842
              ],
              [
                12.2163976,
                44.7273923
              ],
              [
                12.2185155,
                44.7273612
              ],
              [
                12.2205661,
                44.7272216
              ],
              [
                12.220238,
                44.7261377
              ],
              [
                12.2201863,
                44.7236906
              ],
              [
                12.221818,
                44.7235901
              ],
              [
                12.2219499,
                44.7232299
              ],
              [
                12.22386,
                44.7231363
              ],
              [
                12.2242522,
                44.7234036
              ],
              [
                12.2246145,
                44.7249191
              ],
              [
                12.2252328,
                44.7248627
              ],
              [
                12.2245914,
                44.7218027
              ],
              [
                12.2244064,
                44.7211232
              ],
              [
                12.2250739,
                44.7210197
              ],
              [
                12.2248755,
                44.7207902
              ],
              [
                12.2263887,
                44.7205147
              ],
              [
                12.2289174,
                44.7198209
              ],
              [
                12.229827,
                44.7195792
              ],
              [
                12.2296254,
                44.7190846
              ],
              [
                12.2262822,
                44.7196371
              ],
              [
                12.2258349,
                44.7179345
              ],
              [
                12.2238527,
                44.7179654
              ],
              [
                12.2239033,
                44.7199358
              ],
              [
                12.2213914,
                44.7199729
              ],
              [
                12.2213413,
                44.7184258
              ],
              [
                12.2190138,
                44.7183279
              ],
              [
                12.2189487,
                44.7200543
              ],
              [
                12.2149469,
                44.7191268
              ],
              [
                12.2153093,
                44.718421
              ],
              [
                12.21466,
                44.7182048
              ],
              [
                12.2159874,
                44.716307
              ],
              [
                12.2175127,
                44.7164618
              ],
              [
                12.217499,
                44.7160777
              ],
              [
                12.2178788,
                44.7161546
              ],
              [
                12.2181285,
                44.7150899
              ],
              [
                12.2168241,
                44.7151347
              ],
              [
                12.2214089,
                44.7082192
              ],
              [
                12.217384,
                44.7076845
              ],
              [
                12.2153165,
                44.7069932
              ],
              [
                12.2136926,
                44.7090041
              ],
              [
                12.2017681,
                44.7055334
              ],
              [
                12.2026768,
                44.7033765
              ],
              [
                12.1992992,
                44.7049622
              ],
              [
                12.1957917,
                44.7065592
              ],
              [
                12.1927312,
                44.7077788
              ],
              [
                12.1882676,
                44.7091904
              ],
              [
                12.1844517,
                44.710139
              ],
              [
                12.1788182,
                44.7110955
              ],
              [
                12.1703876,
                44.7123478
              ],
              [
                12.1680096,
                44.7128315
              ],
              [
                12.1639859,
                44.7138524
              ],
              [
                12.1600951,
                44.7147423
              ],
              [
                12.1547774,
                44.7155933
              ],
              [
                12.1466957,
                44.7163994
              ],
              [
                12.1359106,
                44.717548
              ],
              [
                12.1257915,
                44.7185351
              ],
              [
                12.1073888,
                44.7204189
              ],
              [
                12.1073477,
                44.719997
              ],
              [
                12.1064293,
                44.7187868
              ],
              [
                12.1009885,
                44.7004474
              ],
              [
                12.1001923,
                44.6992326
              ],
              [
                12.0979794,
                44.7008797
              ],
              [
                12.0973121,
                44.7015752
              ],
              [
                12.0896828,
                44.7134891
              ],
              [
                12.0826998,
                44.7192729
              ],
              [
                12.0815941,
                44.7198259
              ],
              [
                12.0803031,
                44.7200104
              ],
              [
                12.0634699,
                44.7212647
              ],
              [
                12.0541918,
                44.7227077
              ],
              [
                12.0423934,
                44.7278534
              ],
              [
                12.035304,
                44.7306651
              ],
              [
                12.0275097,
                44.7338862
              ],
              [
                12.0177366,
                44.7371304
              ],
              [
                12.0162764,
                44.7372226
              ],
              [
                12.0101183,
                44.736764
              ],
              [
                12.0008161,
                44.7393005
              ],
              [
                11.9921417,
                44.739678
              ],
              [
                11.9910509,
                44.7399955
              ],
              [
                11.986961,
                44.7428049
              ],
              [
                11.9815033,
                44.7444751
              ],
              [
                11.9761856,
                44.7463862
              ],
              [
                11.9749121,
                44.7466308
              ],
              [
                11.9734626,
                44.7464381
              ],
              [
                11.962915,
                44.743814
              ],
              [
                11.9587171,
                44.743029
              ],
              [
                11.9523549,
                44.7436239
              ],
              [
                11.9510761,
                44.7433082
              ],
              [
                11.9505728,
                44.74273
              ],
              [
                11.9449317,
                44.7411154
              ],
              [
                11.9430774,
                44.74003
              ],
              [
                11.9470224,
                44.7347677
              ],
              [
                11.947665,
                44.7334629
              ],
              [
                11.9470116,
                44.7308392
              ],
              [
                11.9453499,
                44.7288452
              ],
              [
                11.9455255,
                44.7275714
              ],
              [
                11.9465484,
                44.7262889
              ],
              [
                11.9464083,
                44.7249429
              ],
              [
                11.9428528,
                44.7242871
              ],
              [
                11.9424234,
                44.7242727
              ],
              [
                11.942238,
                44.7236009
              ],
              [
                11.9425467,
                44.7228965
              ],
              [
                11.9408376,
                44.7222623
              ],
              [
                11.9415583,
                44.7212111
              ],
              [
                11.9464294,
                44.7230642
              ],
              [
                11.9474691,
                44.723852
              ],
              [
                11.9479883,
                44.7248177
              ],
              [
                11.951392,
                44.7397335
              ],
              [
                11.9516407,
                44.7404032
              ],
              [
                11.952433,
                44.7409766
              ],
              [
                11.9537313,
                44.7412239
              ],
              [
                11.9661389,
                44.7405935
              ],
              [
                11.9756965,
                44.7420099
              ],
              [
                11.977127,
                44.7419629
              ],
              [
                11.9937446,
                44.7360978
              ],
              [
                12.0337285,
                44.7296578
              ],
              [
                12.0346151,
                44.72944
              ],
              [
                12.0484755,
                44.7236526
              ],
              [
                12.0552882,
                44.720529
              ],
              [
                12.0628228,
                44.7193711
              ],
              [
                12.0799016,
                44.7180848
              ],
              [
                12.0808761,
                44.7177957
              ],
              [
                12.0853951,
                44.7139666
              ],
              [
                12.090099,
                44.7002981
              ],
              [
                12.0893731,
                44.7001971
              ],
              [
                12.089295,
                44.6915356
              ],
              [
                12.0908565,
                44.6915098
              ],
              [
                12.0972463,
                44.6901958
              ],
              [
                12.098391,
                44.6892614
              ],
              [
                12.1043963,
                44.6803941
              ],
              [
                12.1089785,
                44.6723321
              ],
              [
                12.1101317,
                44.6699232
              ],
              [
                12.1148789,
                44.6642174
              ],
              [
                12.1158053,
                44.6629479
              ],
              [
                12.1156953,
                44.662021
              ],
              [
                12.1148809,
                44.6610548
              ],
              [
                12.1118857,
                44.6579243
              ],
              [
                12.1089175,
                44.6559209
              ],
              [
                12.108048,
                44.6552457
              ],
              [
                12.107545,
                44.6546985
              ],
              [
                12.1068064,
                44.6534878
              ],
              [
                12.106538,
                44.6523112
              ],
              [
                12.1052587,
                44.6522955
              ],
              [
                12.1036586,
                44.6514987
              ],
              [
                12.1040978,
                44.6494377
              ],
              [
                12.1063764,
                44.6445682
              ],
              [
                12.1068356,
                44.6432333
              ],
              [
                12.1065361,
                44.6421271
              ],
              [
                12.1042971,
                44.6387885
              ],
              [
                12.1031902,
                44.6369056
              ],
              [
                12.1023786,
                44.6350388
              ],
              [
                12.1017028,
                44.6332456
              ],
              [
                12.1016055,
                44.632185
              ],
              [
                12.100712,
                44.6289421
              ],
              [
                12.1000722,
                44.6258892
              ],
              [
                12.1001891,
                44.6221793
              ],
              [
                12.0995787,
                44.621224
              ],
              [
                12.0981875,
                44.6202538
              ],
              [
                12.0970539,
                44.6190995
              ],
              [
                12.0966784,
                44.6177636
              ],
              [
                12.0969988,
                44.6133361
              ],
              [
                12.0973981,
                44.6062558
              ],
              [
                12.0978852,
                44.6011305
              ],
              [
                12.0983566,
                44.5992532
              ],
              [
                12.0987841,
                44.5980895
              ],
              [
                12.099738,
                44.5908473
              ],
              [
                12.1001742,
                44.5890836
              ],
              [
                12.1011449,
                44.5880178
              ],
              [
                12.1017949,
                44.5867958
              ],
              [
                12.1012473,
                44.5845292
              ],
              [
                12.1007492,
                44.5836773
              ],
              [
                12.1014677,
                44.5829832
              ],
              [
                12.1032162,
                44.5786355
              ],
              [
                12.1033968,
                44.577554
              ],
              [
                12.1014691,
                44.5762913
              ],
              [
                12.1016947,
                44.5723197
              ],
              [
                12.1011053,
                44.5718496
              ],
              [
                12.1005306,
                44.5717055
              ],
              [
                12.0998923,
                44.5718262
              ],
              [
                12.0991661,
                44.5721091
              ],
              [
                12.0985313,
                44.5713061
              ],
              [
                12.0970369,
                44.5653718
              ],
              [
                12.0971809,
                44.5650545
              ],
              [
                12.1024982,
                44.558683
              ],
              [
                12.1034973,
                44.55853
              ],
              [
                12.1037848,
                44.5531047
              ],
              [
                12.1036271,
                44.5529043
              ],
              [
                12.1027995,
                44.5525716
              ],
              [
                12.100441,
                44.5518907
              ],
              [
                12.0987305,
                44.5517634
              ],
              [
                12.0971491,
                44.5521454
              ],
              [
                12.0962624,
                44.5525968
              ],
              [
                12.0957958,
                44.5533241
              ],
              [
                12.0959645,
                44.5553808
              ],
              [
                12.0958515,
                44.5566474
              ],
              [
                12.0957289,
                44.5572228
              ],
              [
                12.0950218,
                44.5580857
              ],
              [
                12.0933835,
                44.5589075
              ],
              [
                12.0922156,
                44.5592135
              ],
              [
                12.0912318,
                44.5590389
              ],
              [
                12.0907075,
                44.5588552
              ],
              [
                12.0868179,
                44.5578818
              ],
              [
                12.0854108,
                44.5578135
              ],
              [
                12.0844155,
                44.5580354
              ],
              [
                12.0802804,
                44.5607937
              ],
              [
                12.0792399,
                44.5610701
              ],
              [
                12.0756329,
                44.5613113
              ],
              [
                12.0736034,
                44.5608593
              ],
              [
                12.0714068,
                44.5605399
              ],
              [
                12.0697095,
                44.560014
              ],
              [
                12.0686463,
                44.5594158
              ],
              [
                12.0675369,
                44.5582289
              ],
              [
                12.0668499,
                44.5572391
              ],
              [
                12.0670794,
                44.5564377
              ],
              [
                12.0676895,
                44.5548408
              ],
              [
                12.068144,
                44.5525789
              ],
              [
                12.06789,
                44.5513854
              ],
              [
                12.0664815,
                44.5496804
              ],
              [
                12.06559,
                44.5490855
              ],
              [
                12.06358,
                44.5477901
              ],
              [
                12.0634939,
                44.5474639
              ],
              [
                12.0920647,
                44.5469169
              ],
              [
                12.0952917,
                44.5468827
              ],
              [
                12.0955083,
                44.5468739
              ],
              [
                12.099488,
                44.546849
              ],
              [
                12.1015558,
                44.5466314
              ],
              [
                12.1016764,
                44.5466187
              ],
              [
                12.1039834,
                44.5465282
              ],
              [
                12.1057089,
                44.5467479
              ],
              [
                12.1061795,
                44.5467672
              ],
              [
                12.1074453,
                44.5468664
              ],
              [
                12.1084135,
                44.5469175
              ],
              [
                12.1087597,
                44.5470447
              ],
              [
                12.1089098,
                44.5470858
              ],
              [
                12.1096693,
                44.5472752
              ],
              [
                12.1107258,
                44.5469223
              ],
              [
                12.1117335,
                44.5466744
              ],
              [
                12.1133776,
                44.5462774
              ],
              [
                12.1147156,
                44.5460848
              ],
              [
                12.1172068,
                44.5458175
              ],
              [
                12.1229437,
                44.5449855
              ],
              [
                12.1233342,
                44.5449999
              ],
              [
                12.1238101,
                44.5449345
              ],
              [
                12.1250808,
                44.54478
              ],
              [
                12.1256399,
                44.5447231
              ],
              [
                12.1264659,
                44.54471
              ],
              [
                12.1275532,
                44.5447352
              ],
              [
                12.1284337,
                44.5447927
              ],
              [
                12.1292128,
                44.5448528
              ],
              [
                12.1299477,
                44.5448449
              ],
              [
                12.1305371,
                44.5448477
              ],
              [
                12.13118,
                44.544918
              ],
              [
                12.1317591,
                44.5450273
              ],
              [
                12.1322939,
                44.5451824
              ],
              [
                12.1330012,
                44.5454105
              ],
              [
                12.1332416,
                44.5454733
              ],
              [
                12.1335913,
                44.5456137
              ],
              [
                12.1345618,
                44.5462362
              ],
              [
                12.1353677,
                44.546842
              ],
              [
                12.1357277,
                44.5472189
              ],
              [
                12.1358755,
                44.5474973
              ],
              [
                12.1359926,
                44.5476159
              ],
              [
                12.1361155,
                44.5477073
              ],
              [
                12.1379513,
                44.5492412
              ],
              [
                12.1383275,
                44.5494649
              ],
              [
                12.1388255,
                44.5496476
              ],
              [
                12.1396295,
                44.5498343
              ],
              [
                12.1404445,
                44.550013
              ],
              [
                12.1408868,
                44.5500741
              ],
              [
                12.1424692,
                44.5501062
              ],
              [
                12.1428166,
                44.550128
              ],
              [
                12.1434102,
                44.5500813
              ],
              [
                12.1438328,
                44.5499299
              ],
              [
                12.1442521,
                44.5495722
              ],
              [
                12.1448842,
                44.5487445
              ],
              [
                12.1458212,
                44.5476721
              ],
              [
                12.1462501,
                44.5472742
              ],
              [
                12.1465522,
                44.5471377
              ],
              [
                12.1464108,
                44.5470806
              ],
              [
                12.1444192,
                44.5463726
              ],
              [
                12.1447257,
                44.5457735
              ],
              [
                12.144864,
                44.5455033
              ],
              [
                12.144915,
                44.5454097
              ],
              [
                12.1456928,
                44.5436701
              ],
              [
                12.1457395,
                44.5435865
              ],
              [
                12.145878,
                44.5407745
              ],
              [
                12.1460295,
                44.5405572
              ],
              [
                12.1540668,
                44.5382845
              ],
              [
                12.1600502,
                44.5373936
              ],
              [
                12.1599704,
                44.5372235
              ],
              [
                12.1636263,
                44.536639
              ],
              [
                12.1637942,
                44.5367855
              ],
              [
                12.1667595,
                44.5362857
              ],
              [
                12.1668523,
                44.5365314
              ],
              [
                12.1739052,
                44.5355501
              ],
              [
                12.1754666,
                44.5357114
              ],
              [
                12.1758567,
                44.5358566
              ],
              [
                12.1765079,
                44.5371099
              ],
              [
                12.1766079,
                44.5384727
              ],
              [
                12.1759166,
                44.5396739
              ],
              [
                12.173313,
                44.5421493
              ],
              [
                12.1723136,
                44.5434778
              ],
              [
                12.1717194,
                44.5457367
              ],
              [
                12.1718288,
                44.5469517
              ],
              [
                12.1725314,
                44.5480856
              ],
              [
                12.1734287,
                44.548579
              ],
              [
                12.1743703,
                44.5487403
              ],
              [
                12.1751836,
                44.5485593
              ],
              [
                12.1775842,
                44.5469674
              ],
              [
                12.1787922,
                44.5451586
              ],
              [
                12.1796377,
                44.5445223
              ],
              [
                12.1797736,
                44.5444386
              ],
              [
                12.1809299,
                44.5440577
              ],
              [
                12.1815517,
                44.5439877
              ],
              [
                12.1848298,
                44.5439492
              ],
              [
                12.1862416,
                44.5439415
              ],
              [
                12.1866364,
                44.5440764
              ],
              [
                12.187172,
                44.5443848
              ],
              [
                12.1876579,
                44.5455466
              ],
              [
                12.1880041,
                44.546996
              ],
              [
                12.1884224,
                44.547931
              ],
              [
                12.1897698,
                44.5490392
              ],
              [
                12.1916155,
                44.5497234
              ],
              [
                12.1940666,
                44.5502609
              ],
              [
                12.1967433,
                44.5502987
              ],
              [
                12.1995066,
                44.5528073
              ],
              [
                12.2102446,
                44.5553441
              ],
              [
                12.2196,
                44.5556359
              ],
              [
                12.21972,
                44.5529355
              ],
              [
                12.221271,
                44.5528762
              ],
              [
                12.2213089,
                44.5527103
              ],
              [
                12.220656,
                44.5526978
              ],
              [
                12.2206789,
                44.551903
              ],
              [
                12.2210289,
                44.5519576
              ],
              [
                12.2210412,
                44.5516666
              ],
              [
                12.2206495,
                44.551602
              ],
              [
                12.2206899,
                44.5512684
              ],
              [
                12.2189295,
                44.5503725
              ],
              [
                12.2191551,
                44.5501248
              ],
              [
                12.2215662,
                44.5513081
              ],
              [
                12.2236197,
                44.5492109
              ],
              [
                12.2123974,
                44.5434309
              ],
              [
                12.2113058,
                44.5431618
              ],
              [
                12.2129471,
                44.5401386
              ],
              [
                12.2103666,
                44.5372528
              ],
              [
                12.2070912,
                44.5327139
              ],
              [
                12.20728,
                44.5268759
              ],
              [
                12.2074208,
                44.5187767
              ],
              [
                12.1960821,
                44.51446
              ],
              [
                12.1878188,
                44.5112466
              ],
              [
                12.1888682,
                44.5100119
              ],
              [
                12.1894672,
                44.5096563
              ],
              [
                12.1919712,
                44.5019236
              ],
              [
                12.1956416,
                44.5029652
              ],
              [
                12.1988483,
                44.4933363
              ],
              [
                12.1994949,
                44.4900532
              ],
              [
                12.2001617,
                44.4850547
              ],
              [
                12.1990577,
                44.4841859
              ],
              [
                12.1990332,
                44.4838937
              ],
              [
                12.203106,
                44.4845638
              ],
              [
                12.2062172,
                44.4847609
              ],
              [
                12.2084248,
                44.4847345
              ],
              [
                12.2123082,
                44.4843507
              ],
              [
                12.2110141,
                44.4799503
              ],
              [
                12.2096985,
                44.473432
              ],
              [
                12.2088741,
                44.466783
              ],
              [
                12.2091678,
                44.4593288
              ],
              [
                12.2091923,
                44.4587033
              ],
              [
                12.2097038,
                44.4581853
              ],
              [
                12.2113803,
                44.457604
              ],
              [
                12.2128885,
                44.455665
              ],
              [
                12.2374001,
                44.4646954
              ],
              [
                12.2401583,
                44.466195
              ],
              [
                12.2471142,
                44.4726677
              ],
              [
                12.2528532,
                44.4775346
              ],
              [
                12.2560645,
                44.4803121
              ],
              [
                12.2584155,
                44.4818449
              ],
              [
                12.2605111,
                44.4847136
              ],
              [
                12.2630281,
                44.4883826
              ],
              [
                12.2646068,
                44.4903962
              ],
              [
                12.2665678,
                44.4920383
              ],
              [
                12.2697613,
                44.494409
              ],
              [
                12.2705378,
                44.4980847
              ],
              [
                12.2727324,
                44.4972976
              ],
              [
                12.2722051,
                44.4933536
              ],
              [
                12.2729098,
                44.4934645
              ],
              [
                12.2731963,
                44.4940141
              ],
              [
                12.2740321,
                44.4941525
              ],
              [
                12.2740522,
                44.4952985
              ],
              [
                12.27575,
                44.4955042
              ],
              [
                12.2810886,
                44.4965493
              ],
              [
                12.2812205,
                44.4976581
              ],
              [
                12.2818719,
                44.4974542
              ],
              [
                12.2851055,
                44.4975473
              ],
              [
                12.2856248,
                44.4975543
              ],
              [
                12.2855111,
                44.497881
              ],
              [
                12.2854704,
                44.4981405
              ],
              [
                12.2855122,
                44.4982212
              ],
              [
                12.2853409,
                44.4985883
              ],
              [
                12.2852817,
                44.4987368
              ],
              [
                12.2849855,
                44.4991801
              ],
              [
                12.2849595,
                44.4992191
              ],
              [
                12.284464,
                44.5004641
              ],
              [
                12.2843923,
                44.5006224
              ],
              [
                12.2841332,
                44.5013191
              ],
              [
                12.2837654,
                44.5017567
              ],
              [
                12.2835099,
                44.5025423
              ],
              [
                12.2828864,
                44.503819
              ],
              [
                12.2827642,
                44.5045449
              ],
              [
                12.2825343,
                44.5053105
              ],
              [
                12.2821677,
                44.5062628
              ],
              [
                12.2817701,
                44.5081121
              ],
              [
                12.2815328,
                44.5088674
              ],
              [
                12.2813216,
                44.5096582
              ],
              [
                12.2810091,
                44.5111442
              ],
              [
                12.2807443,
                44.5126364
              ],
              [
                12.2805285,
                44.5135044
              ],
              [
                12.2803883,
                44.5144292
              ],
              [
                12.2800283,
                44.5168347
              ],
              [
                12.2798916,
                44.5176691
              ],
              [
                12.2797582,
                44.5183474
              ],
              [
                12.2797582,
                44.5187836
              ],
              [
                12.2797392,
                44.5190069
              ],
              [
                12.2797627,
                44.5192237
              ],
              [
                12.2797392,
                44.5193832
              ],
              [
                12.2796699,
                44.5196427
              ],
              [
                12.2796615,
                44.520709
              ],
              [
                12.2796114,
                44.5222542
              ],
              [
                12.2795762,
                44.5227498
              ],
              [
                12.2796114,
                44.5240585
              ],
              [
                12.2798331,
                44.5253825
              ],
              [
                12.2798869,
                44.5255706
              ],
              [
                12.2800538,
                44.5263477
              ],
              [
                12.2798718,
                44.5263324
              ],
              [
                12.279808,
                44.526524
              ],
              [
                12.2789894,
                44.5264859
              ],
              [
                12.2784588,
                44.5265642
              ],
              [
                12.2758774,
                44.5263455
              ],
              [
                12.2751186,
                44.5216569
              ],
              [
                12.2739299,
                44.5129251
              ],
              [
                12.2722937,
                44.5035341
              ],
              [
                12.2712596,
                44.5017429
              ],
              [
                12.2711506,
                44.5009925
              ],
              [
                12.2711017,
                44.500656
              ],
              [
                12.2704198,
                44.5014993
              ],
              [
                12.2690812,
                44.5014591
              ],
              [
                12.2685909,
                44.5014444
              ],
              [
                12.2672841,
                44.5017627
              ],
              [
                12.2674662,
                44.5026135
              ],
              [
                12.2674966,
                44.5034675
              ],
              [
                12.2675834,
                44.5036447
              ],
              [
                12.2682233,
                44.503556
              ],
              [
                12.2686456,
                44.503318
              ],
              [
                12.2690581,
                44.5032663
              ],
              [
                12.2693218,
                44.5032966
              ],
              [
                12.2688878,
                44.505332
              ],
              [
                12.2686034,
                44.5057628
              ],
              [
                12.2693599,
                44.509865
              ],
              [
                12.2688726,
                44.5100343
              ],
              [
                12.2683038,
                44.5104104
              ],
              [
                12.267859,
                44.5105013
              ],
              [
                12.2673742,
                44.510943
              ],
              [
                12.2672692,
                44.5115831
              ],
              [
                12.26788,
                44.5145255
              ],
              [
                12.2686822,
                44.5186528
              ],
              [
                12.2687841,
                44.5194704
              ],
              [
                12.2687104,
                44.5216683
              ],
              [
                12.2687929,
                44.5219985
              ],
              [
                12.2692173,
                44.5226462
              ],
              [
                12.2695094,
                44.5225655
              ],
              [
                12.2700353,
                44.5234175
              ],
              [
                12.2702726,
                44.5238895
              ],
              [
                12.2721902,
                44.5233641
              ],
              [
                12.2729582,
                44.5247716
              ],
              [
                12.2691287,
                44.5253347
              ],
              [
                12.2662341,
                44.5258533
              ],
              [
                12.2668679,
                44.5275735
              ],
              [
                12.2691435,
                44.5271751
              ],
              [
                12.2697948,
                44.5281873
              ],
              [
                12.2760497,
                44.5278455
              ],
              [
                12.2760638,
                44.5275045
              ],
              [
                12.2785341,
                44.5276919
              ],
              [
                12.2801155,
                44.5277764
              ],
              [
                12.2800352,
                44.5285126
              ],
              [
                12.2798043,
                44.5291019
              ],
              [
                12.2798826,
                44.5304361
              ],
              [
                12.2800901,
                44.5334367
              ],
              [
                12.2803599,
                44.5339806
              ],
              [
                12.2803019,
                44.5372237
              ],
              [
                12.2803405,
                44.5393668
              ],
              [
                12.2807234,
                44.5401923
              ],
              [
                12.2803686,
                44.5412318
              ],
              [
                12.281159,
                44.5466179
              ],
              [
                12.282926,
                44.5489886
              ],
              [
                12.2828701,
                44.5497296
              ],
              [
                12.2800609,
                44.5499883
              ],
              [
                12.279426,
                44.5467059
              ],
              [
                12.2753399,
                44.5478721
              ],
              [
                12.2696888,
                44.5513937
              ],
              [
                12.2693647,
                44.5526591
              ],
              [
                12.2720175,
                44.5576423
              ],
              [
                12.2739743,
                44.5571326
              ],
              [
                12.2755252,
                44.5604371
              ],
              [
                12.2759541,
                44.5603936
              ],
              [
                12.2773612,
                44.563722
              ],
              [
                12.2796675,
                44.5644518
              ],
              [
                12.2799672,
                44.5637749
              ],
              [
                12.2800674,
                44.5591835
              ],
              [
                12.2806361,
                44.557538
              ],
              [
                12.281002,
                44.5571054
              ],
              [
                12.2818366,
                44.5571218
              ],
              [
                12.281771,
                44.556067
              ],
              [
                12.2844442,
                44.5559416
              ],
              [
                12.2828264,
                44.5606026
              ],
              [
                12.2823685,
                44.5632541
              ],
              [
                12.2827061,
                44.5776751
              ],
              [
                12.2825794,
                44.5863895
              ],
              [
                12.2821735,
                44.5904999
              ],
              [
                12.2793676,
                44.5910296
              ],
              [
                12.2783092,
                44.5930428
              ],
              [
                12.2792297,
                44.5962487
              ],
              [
                12.2787568,
                44.5977455
              ],
              [
                12.277954,
                44.6009702
              ],
              [
                12.2776528,
                44.603949
              ],
              [
                12.2766848,
                44.607728
              ],
              [
                12.2769669,
                44.608674
              ],
              [
                12.2760509,
                44.6129351
              ],
              [
                12.2723145,
                44.6197188
              ],
              [
                12.2714443,
                44.6228173
              ],
              [
                12.2696923,
                44.6251146
              ],
              [
                12.2680103,
                44.6283644
              ],
              [
                12.2660346,
                44.6325562
              ],
              [
                12.2654875,
                44.6353921
              ],
              [
                12.2647092,
                44.6362017
              ],
              [
                12.2624761,
                44.6372683
              ],
              [
                12.2584015,
                44.6444981
              ],
              [
                12.2557365,
                44.6437821
              ],
              [
                12.2525199,
                44.6422874
              ],
              [
                12.2533793,
                44.6405312
              ],
              [
                12.2552266,
                44.6364729
              ],
              [
                12.2540969,
                44.6364035
              ],
              [
                12.2543594,
                44.6356898
              ],
              [
                12.2519416,
                44.6355443
              ],
              [
                12.2517912,
                44.6355913
              ],
              [
                12.2503257,
                44.6360496
              ],
              [
                12.2475924,
                44.6388409
              ],
              [
                12.2464909,
                44.6401584
              ],
              [
                12.2458266,
                44.6414839
              ],
              [
                12.2459301,
                44.6415139
              ],
              [
                12.2469101,
                44.6417983
              ],
              [
                12.2460965,
                44.6431992
              ],
              [
                12.2461143,
                44.6432599
              ],
              [
                12.2461821,
                44.6434918
              ],
              [
                12.2452228,
                44.6439714
              ],
              [
                12.2434424,
                44.6453839
              ],
              [
                12.241803,
                44.64761
              ],
              [
                12.2417698,
                44.6476551
              ],
              [
                12.2411135,
                44.6476038
              ],
              [
                12.2406003,
                44.6492085
              ],
              [
                12.2406141,
                44.649727
              ],
              [
                12.241753,
                44.6498327
              ],
              [
                12.2409115,
                44.6521366
              ],
              [
                12.2407506,
                44.6549578
              ],
              [
                12.2414692,
                44.6566781
              ],
              [
                12.241311,
                44.6594766
              ],
              [
                12.2416264,
                44.6594881
              ],
              [
                12.2445586,
                44.6595952
              ],
              [
                12.2477906,
                44.6602776
              ],
              [
                12.2492795,
                44.6603301
              ],
              [
                12.2508943,
                44.6607915
              ],
              [
                12.249842,
                44.6612952
              ],
              [
                12.2455235,
                44.6602997
              ],
              [
                12.2405538,
                44.6600916
              ],
              [
                12.2404802,
                44.6606133
              ],
              [
                12.2344921,
                44.6603921
              ],
              [
                12.2342284,
                44.6614611
              ],
              [
                12.2343835,
                44.664518
              ],
              [
                12.2359891,
                44.66608
              ],
              [
                12.236387,
                44.6671318
              ],
              [
                12.2362459,
                44.6690815
              ],
              [
                12.2369742,
                44.6704151
              ],
              [
                12.236932,
                44.6711838
              ],
              [
                12.2351354,
                44.6730359
              ],
              [
                12.2350506,
                44.6738649
              ],
              [
                12.236099,
                44.6747136
              ],
              [
                12.2361803,
                44.6747132
              ],
              [
                12.2396166,
                44.6746949
              ],
              [
                12.2399235,
                44.6736141
              ],
              [
                12.2406889,
                44.6736618
              ],
              [
                12.2405305,
                44.6745116
              ],
              [
                12.2412851,
                44.6745998
              ],
              [
                12.2412929,
                44.6748489
              ],
              [
                12.2419855,
                44.674996
              ],
              [
                12.2490628,
                44.676274
              ],
              [
                12.2519309,
                44.6768445
              ],
              [
                12.2517519,
                44.6772865
              ],
              [
                12.2495509,
                44.6768664
              ],
              [
                12.2449179,
                44.6757412
              ],
              [
                12.2379823,
                44.6751044
              ],
              [
                12.2352697,
                44.6755973
              ],
              [
                12.2307676,
                44.6760371
              ],
              [
                12.2273631,
                44.6756559
              ],
              [
                12.2261948,
                44.6758187
              ],
              [
                12.2251023,
                44.6782396
              ],
              [
                12.2240082,
                44.6792867
              ],
              [
                12.2237357,
                44.6801003
              ],
              [
                12.2232984,
                44.6840123
              ],
              [
                12.2245667,
                44.68405
              ],
              [
                12.2246169,
                44.6837186
              ],
              [
                12.2259939,
                44.6838173
              ],
              [
                12.2261197,
                44.6830883
              ],
              [
                12.2299263,
                44.6834384
              ],
              [
                12.2295001,
                44.6886885
              ],
              [
                12.23506,
                44.6887478
              ],
              [
                12.2349161,
                44.6864523
              ],
              [
                12.23665,
                44.6864502
              ],
              [
                12.2367107,
                44.6848143
              ],
              [
                12.2379423,
                44.6847577
              ],
              [
                12.2378963,
                44.6874938
              ],
              [
                12.2400288,
                44.6875916
              ],
              [
                12.2402936,
                44.6857586
              ],
              [
                12.2409424,
                44.6856826
              ],
              [
                12.2407991,
                44.6874455
              ],
              [
                12.2444587,
                44.6876767
              ],
              [
                12.2437905,
                44.6974616
              ],
              [
                12.2377117,
                44.6973218
              ],
              [
                12.235969,
                44.6974128
              ],
              [
                12.2301366,
                44.6974137
              ],
              [
                12.2306494,
                44.7025943
              ],
              [
                12.2403556,
                44.7014554
              ],
              [
                12.2403976,
                44.7028979
              ],
              [
                12.2372946,
                44.7031467
              ],
              [
                12.2374883,
                44.7042338
              ],
              [
                12.2308761,
                44.7052007
              ],
              [
                12.2308892,
                44.7074504
              ],
              [
                12.2313346,
                44.708609
              ],
              [
                12.2317417,
                44.7121097
              ],
              [
                12.2315067,
                44.7129947
              ],
              [
                12.2317706,
                44.7142186
              ],
              [
                12.2327546,
                44.7152335
              ],
              [
                12.2339071,
                44.7199418
              ],
              [
                12.2344101,
                44.721484
              ],
              [
                12.2364215,
                44.7276283
              ],
              [
                12.2368149,
                44.7275657
              ],
              [
                12.2380965,
                44.7273616
              ],
              [
                12.2384459,
                44.7274458
              ],
              [
                12.2405946,
                44.7270859
              ],
              [
                12.2414915,
                44.7268199
              ],
              [
                12.2457182,
                44.7262277
              ],
              [
                12.246252,
                44.7315298
              ],
              [
                12.2422126,
                44.732036
              ],
              [
                12.2415489,
                44.7321192
              ],
              [
                12.241691,
                44.7324845
              ],
              [
                12.240756,
                44.7326839
              ],
              [
                12.2399012,
                44.7331096
              ],
              [
                12.2385124,
                44.7329527
              ],
              [
                12.2381047,
                44.7316988
              ],
              [
                12.2356795,
                44.7323834
              ]
            ],
            [
              [
                12.2346076,
                44.6748599
              ],
              [
                12.2350607,
                44.6743579
              ],
              [
                12.234724,
                44.6739134
              ],
              [
                12.2346659,
                44.6729678
              ],
              [
                12.2349994,
                44.6726481
              ],
              [
                12.2362954,
                44.6714059
              ],
              [
                12.2365976,
                44.6704951
              ],
              [
                12.2360711,
                44.6691871
              ],
              [
                12.2360843,
                44.667026
              ],
              [
                12.2342367,
                44.6646496
              ],
              [
                12.2338202,
                44.6615038
              ],
              [
                12.2342135,
                44.6604152
              ],
              [
                12.2317599,
                44.6603093
              ],
              [
                12.2314629,
                44.6620952
              ],
              [
                12.2310194,
                44.6681642
              ],
              [
                12.2293836,
                44.6718855
              ],
              [
                12.2266713,
                44.6745644
              ],
              [
                12.2276933,
                44.6751906
              ],
              [
                12.2291778,
                44.6753809
              ],
              [
                12.2297402,
                44.6751729
              ],
              [
                12.2320684,
                44.6753377
              ],
              [
                12.2321116,
                44.6752957
              ],
              [
                12.232571,
                44.674849
              ],
              [
                12.231329,
                44.6741965
              ],
              [
                12.2319573,
                44.6735074
              ],
              [
                12.2346076,
                44.6748599
              ]
            ]
          ],
          [
            [
              [
                11.7456396,
                44.5799201
              ],
              [
                11.7461075,
                44.5795062
              ],
              [
                11.746139,
                44.5794762
              ],
              [
                11.7467227,
                44.5795245
              ],
              [
                11.7480484,
                44.5795152
              ],
              [
                11.7555458,
                44.5791539
              ],
              [
                11.768213,
                44.5786217
              ],
              [
                11.7710807,
                44.578507
              ],
              [
                11.7788974,
                44.5782267
              ],
              [
                11.7796436,
                44.5779828
              ],
              [
                11.7819308,
                44.5779284
              ],
              [
                11.7819848,
                44.5779273
              ],
              [
                11.7820984,
                44.5775589
              ],
              [
                11.7827475,
                44.5762374
              ],
              [
                11.782852,
                44.5760246
              ],
              [
                11.783618,
                44.5743744
              ],
              [
                11.7840518,
                44.5732975
              ],
              [
                11.784105,
                44.5731985
              ],
              [
                11.7840961,
                44.5731889
              ],
              [
                11.7841654,
                44.5730599
              ],
              [
                11.783498,
                44.5729746
              ],
              [
                11.7829212,
                44.5728203
              ],
              [
                11.7828349,
                44.5727808
              ],
              [
                11.7820035,
                44.5724353
              ],
              [
                11.7814024,
                44.5721519
              ],
              [
                11.7809832,
                44.5719047
              ],
              [
                11.7806377,
                44.5716151
              ],
              [
                11.7785895,
                44.5713873
              ],
              [
                11.7725924,
                44.5708151
              ],
              [
                11.7673473,
                44.5703125
              ],
              [
                11.7625976,
                44.5698653
              ],
              [
                11.7599904,
                44.5696371
              ],
              [
                11.7594233,
                44.5697173
              ],
              [
                11.7592773,
                44.5695324
              ],
              [
                11.7591472,
                44.5693704
              ],
              [
                11.7600539,
                44.568933
              ],
              [
                11.7611234,
                44.5685359
              ],
              [
                11.762367,
                44.5686468
              ],
              [
                11.7634401,
                44.5687405
              ],
              [
                11.7652626,
                44.5689134
              ],
              [
                11.76728,
                44.5690948
              ],
              [
                11.7684982,
                44.5692075
              ],
              [
                11.7706381,
                44.5693724
              ],
              [
                11.7711162,
                44.5694624
              ],
              [
                11.7714539,
                44.5695896
              ],
              [
                11.7719037,
                44.5698835
              ],
              [
                11.7740553,
                44.5700954
              ],
              [
                11.7765682,
                44.5703324
              ],
              [
                11.7805872,
                44.5707561
              ],
              [
                11.7816939,
                44.570912
              ],
              [
                11.7829166,
                44.5713157
              ],
              [
                11.783322,
                44.5714596
              ],
              [
                11.7834501,
                44.5715737
              ],
              [
                11.7838596,
                44.5718143
              ],
              [
                11.7846484,
                44.5718628
              ],
              [
                11.7873155,
                44.5721499
              ],
              [
                11.7923311,
                44.5726031
              ],
              [
                11.7935981,
                44.5727414
              ],
              [
                11.7938703,
                44.5726873
              ],
              [
                11.7944659,
                44.572618
              ],
              [
                11.7946807,
                44.572593
              ],
              [
                11.7948572,
                44.5725984
              ],
              [
                11.7981907,
                44.5728939
              ],
              [
                11.8032889,
                44.5734259
              ],
              [
                11.8067082,
                44.5737312
              ],
              [
                11.806713,
                44.5737074
              ],
              [
                11.8069067,
                44.5726616
              ],
              [
                11.8078551,
                44.5675403
              ],
              [
                11.8078669,
                44.5674789
              ],
              [
                11.8079954,
                44.5668088
              ],
              [
                11.8080656,
                44.5664853
              ],
              [
                11.8080415,
                44.5664159
              ],
              [
                11.8079998,
                44.5662956
              ],
              [
                11.8078772,
                44.5660049
              ],
              [
                11.8076719,
                44.5654844
              ],
              [
                11.8076231,
                44.5653219
              ],
              [
                11.8076348,
                44.5652856
              ],
              [
                11.807418,
                44.5645916
              ],
              [
                11.8072791,
                44.5641421
              ],
              [
                11.8072858,
                44.5640851
              ],
              [
                11.8072764,
                44.5640061
              ],
              [
                11.8072686,
                44.5639398
              ],
              [
                11.8053284,
                44.5579505
              ],
              [
                11.7983712,
                44.5569643
              ],
              [
                11.7903992,
                44.555341
              ],
              [
                11.789383,
                44.5550674
              ],
              [
                11.7892324,
                44.5544788
              ],
              [
                11.7896489,
                44.5545508
              ],
              [
                11.7897396,
                44.5545653
              ],
              [
                11.7899696,
                44.5546037
              ],
              [
                11.7904022,
                44.5546991
              ],
              [
                11.7905538,
                44.5547347
              ],
              [
                11.7911304,
                44.5548802
              ],
              [
                11.7923105,
                44.5551777
              ],
              [
                11.7931122,
                44.5553629
              ],
              [
                11.7935875,
                44.555456
              ],
              [
                11.7936958,
                44.5554796
              ],
              [
                11.79408,
                44.5555369
              ],
              [
                11.7945733,
                44.5556475
              ],
              [
                11.7950301,
                44.5557348
              ],
              [
                11.7952255,
                44.555772
              ],
              [
                11.7954138,
                44.5558262
              ],
              [
                11.7959043,
                44.5559638
              ],
              [
                11.7965722,
                44.5561023
              ],
              [
                11.7978788,
                44.556362
              ],
              [
                11.7981885,
                44.5563937
              ],
              [
                11.7986233,
                44.5564307
              ],
              [
                11.7992044,
                44.5564951
              ],
              [
                11.7998409,
                44.5565354
              ],
              [
                11.8008487,
                44.5567108
              ],
              [
                11.8013296,
                44.5567704
              ],
              [
                11.8018088,
                44.5568289
              ],
              [
                11.8021135,
                44.5568953
              ],
              [
                11.8027246,
                44.5569958
              ],
              [
                11.8032622,
                44.557091
              ],
              [
                11.8040262,
                44.557183
              ],
              [
                11.8043031,
                44.5572262
              ],
              [
                11.8046287,
                44.5572777
              ],
              [
                11.805125,
                44.5573811
              ],
              [
                11.8053033,
                44.5574172
              ],
              [
                11.8056427,
                44.5574767
              ],
              [
                11.8057827,
                44.5575149
              ],
              [
                11.8058819,
                44.5575339
              ],
              [
                11.8062297,
                44.5575266
              ],
              [
                11.8062525,
                44.5575303
              ],
              [
                11.8068885,
                44.5576337
              ],
              [
                11.8070847,
                44.5576658
              ],
              [
                11.8073082,
                44.5576908
              ],
              [
                11.8073518,
                44.5576951
              ],
              [
                11.8074706,
                44.5577192
              ],
              [
                11.8075915,
                44.5577443
              ],
              [
                11.807995,
                44.557822
              ],
              [
                11.8082286,
                44.557857
              ],
              [
                11.8083724,
                44.5578697
              ],
              [
                11.8091068,
                44.5579894
              ],
              [
                11.8092021,
                44.5580107
              ],
              [
                11.8092431,
                44.5580328
              ],
              [
                11.8092616,
                44.5580358
              ],
              [
                11.809298,
                44.5580442
              ],
              [
                11.8093624,
                44.5580473
              ],
              [
                11.8095166,
                44.5580551
              ],
              [
                11.8097337,
                44.5580836
              ],
              [
                11.8099534,
                44.5581171
              ],
              [
                11.8102053,
                44.5581556
              ],
              [
                11.8107988,
                44.5582751
              ],
              [
                11.8110568,
                44.558309
              ],
              [
                11.8116051,
                44.5583983
              ],
              [
                11.8117162,
                44.5584127
              ],
              [
                11.8117628,
                44.5584258
              ],
              [
                11.8123423,
                44.5585143
              ],
              [
                11.8131116,
                44.5586473
              ],
              [
                11.8135207,
                44.5587043
              ],
              [
                11.8139721,
                44.5587643
              ],
              [
                11.8142138,
                44.5588124
              ],
              [
                11.8147356,
                44.5588912
              ],
              [
                11.8152854,
                44.5589916
              ],
              [
                11.8164931,
                44.5591469
              ],
              [
                11.8168392,
                44.5591858
              ],
              [
                11.8171481,
                44.5592362
              ],
              [
                11.8174455,
                44.5593094
              ],
              [
                11.8185102,
                44.559605
              ],
              [
                11.8190019,
                44.5596867
              ],
              [
                11.8192911,
                44.5597198
              ],
              [
                11.8193023,
                44.5596927
              ],
              [
                11.8205663,
                44.5598197
              ],
              [
                11.8208607,
                44.5598509
              ],
              [
                11.8218344,
                44.5599431
              ],
              [
                11.8226763,
                44.5600251
              ],
              [
                11.8234946,
                44.560139
              ],
              [
                11.8241935,
                44.5602557
              ],
              [
                11.8255984,
                44.5604535
              ],
              [
                11.8265195,
                44.5606229
              ],
              [
                11.8277767,
                44.5608868
              ],
              [
                11.8296535,
                44.5613007
              ],
              [
                11.831588,
                44.5617267
              ],
              [
                11.8323805,
                44.5613501
              ],
              [
                11.8328412,
                44.5614374
              ],
              [
                11.8350376,
                44.5618834
              ],
              [
                11.8353989,
                44.5619655
              ],
              [
                11.8357873,
                44.5620538
              ],
              [
                11.8363422,
                44.5621863
              ],
              [
                11.8365977,
                44.5622598
              ],
              [
                11.8368041,
                44.5623301
              ],
              [
                11.8369341,
                44.5623803
              ],
              [
                11.8370719,
                44.562432
              ],
              [
                11.8372543,
                44.5625091
              ],
              [
                11.8375204,
                44.5626229
              ],
              [
                11.8376782,
                44.5627298
              ],
              [
                11.8379751,
                44.562912
              ],
              [
                11.8401112,
                44.5641597
              ],
              [
                11.8441516,
                44.5665617
              ],
              [
                11.8475594,
                44.5685422
              ],
              [
                11.8477857,
                44.5686626
              ],
              [
                11.8478995,
                44.5687048
              ],
              [
                11.8480535,
                44.5687949
              ],
              [
                11.848289,
                44.5688633
              ],
              [
                11.8486336,
                44.5689897
              ],
              [
                11.8488204,
                44.5690587
              ],
              [
                11.848922,
                44.5691091
              ],
              [
                11.8491075,
                44.5692012
              ],
              [
                11.8492449,
                44.5692254
              ],
              [
                11.8493655,
                44.5692769
              ],
              [
                11.8494732,
                44.5693553
              ],
              [
                11.8495498,
                44.5694569
              ],
              [
                11.8496008,
                44.5695023
              ],
              [
                11.8498493,
                44.5697392
              ],
              [
                11.8501482,
                44.5700096
              ],
              [
                11.8507211,
                44.5704258
              ],
              [
                11.8511422,
                44.5707157
              ],
              [
                11.8516875,
                44.5710993
              ],
              [
                11.8527175,
                44.5717678
              ],
              [
                11.8558256,
                44.5736594
              ],
              [
                11.8565279,
                44.5740795
              ],
              [
                11.8590574,
                44.5756445
              ],
              [
                11.8593454,
                44.5758201
              ],
              [
                11.859555,
                44.5759206
              ],
              [
                11.8596917,
                44.5759954
              ],
              [
                11.8598992,
                44.5760369
              ],
              [
                11.860108,
                44.5761538
              ],
              [
                11.8602533,
                44.5762908
              ],
              [
                11.8603723,
                44.5764386
              ],
              [
                11.860683,
                44.5766249
              ],
              [
                11.8609914,
                44.576719
              ],
              [
                11.8614402,
                44.5768642
              ],
              [
                11.8617762,
                44.5770071
              ],
              [
                11.8620315,
                44.5771549
              ],
              [
                11.8622165,
                44.5772515
              ],
              [
                11.8627608,
                44.5774202
              ],
              [
                11.863323,
                44.5775664
              ],
              [
                11.8642569,
                44.5777495
              ],
              [
                11.8649244,
                44.5778127
              ],
              [
                11.8649986,
                44.5778163
              ],
              [
                11.8656669,
                44.5778473
              ],
              [
                11.8664704,
                44.5778907
              ],
              [
                11.8678181,
                44.5779711
              ],
              [
                11.8699069,
                44.5781907
              ],
              [
                11.8700674,
                44.5781994
              ],
              [
                11.8704311,
                44.578219
              ],
              [
                11.8708008,
                44.578239
              ],
              [
                11.8708373,
                44.5782302
              ],
              [
                11.8708181,
                44.5781925
              ],
              [
                11.8707348,
                44.5780661
              ],
              [
                11.8702828,
                44.577612
              ],
              [
                11.8691905,
                44.5765523
              ],
              [
                11.8680363,
                44.5754439
              ],
              [
                11.8668323,
                44.5743096
              ],
              [
                11.8664159,
                44.5738643
              ],
              [
                11.8653408,
                44.5728234
              ],
              [
                11.8647631,
                44.5722818
              ],
              [
                11.8640229,
                44.5715684
              ],
              [
                11.8634849,
                44.5710644
              ],
              [
                11.8621978,
                44.5698299
              ],
              [
                11.8633936,
                44.5694939
              ],
              [
                11.863505,
                44.5697591
              ],
              [
                11.8636718,
                44.5701027
              ],
              [
                11.8637716,
                44.5702359
              ],
              [
                11.863935,
                44.5704414
              ],
              [
                11.8641395,
                44.5707043
              ],
              [
                11.8643316,
                44.5709519
              ],
              [
                11.8644223,
                44.5710687
              ],
              [
                11.8644854,
                44.5711393
              ],
              [
                11.864539,
                44.5712063
              ],
              [
                11.8646764,
                44.5713589
              ],
              [
                11.8649417,
                44.5716035
              ],
              [
                11.8652548,
                44.5718967
              ],
              [
                11.8655544,
                44.5721717
              ],
              [
                11.8657013,
                44.5723133
              ],
              [
                11.8657508,
                44.5723716
              ],
              [
                11.8658453,
                44.5724978
              ],
              [
                11.8659427,
                44.5726478
              ],
              [
                11.8660724,
                44.5728804
              ],
              [
                11.8661919,
                44.5730751
              ],
              [
                11.8662505,
                44.5731486
              ],
              [
                11.8663091,
                44.5732222
              ],
              [
                11.8664686,
                44.5733825
              ],
              [
                11.8665892,
                44.5734617
              ],
              [
                11.866727,
                44.5735547
              ],
              [
                11.8668695,
                44.5736404
              ],
              [
                11.8671867,
                44.5738257
              ],
              [
                11.8674015,
                44.5739557
              ],
              [
                11.8675784,
                44.5740621
              ],
              [
                11.8677244,
                44.5741525
              ],
              [
                11.867949,
                44.5742469
              ],
              [
                11.8681044,
                44.5742894
              ],
              [
                11.8685453,
                44.5744117
              ],
              [
                11.8688372,
                44.5745211
              ],
              [
                11.8690096,
                44.5746049
              ],
              [
                11.8694645,
                44.5750793
              ],
              [
                11.8698331,
                44.5754583
              ],
              [
                11.8699418,
                44.5755687
              ],
              [
                11.8700536,
                44.5756743
              ],
              [
                11.8701551,
                44.5757718
              ],
              [
                11.8703101,
                44.5759763
              ],
              [
                11.8704595,
                44.5762012
              ],
              [
                11.8706764,
                44.576547
              ],
              [
                11.8708804,
                44.5768658
              ],
              [
                11.8709342,
                44.5770789
              ],
              [
                11.8710147,
                44.577275
              ],
              [
                11.871108,
                44.5773603
              ],
              [
                11.8711897,
                44.5774285
              ],
              [
                11.8711532,
                44.5774985
              ],
              [
                11.8710766,
                44.5776362
              ],
              [
                11.8711085,
                44.5778093
              ],
              [
                11.8712221,
                44.5779722
              ],
              [
                11.8712848,
                44.5780634
              ],
              [
                11.8713186,
                44.578115
              ],
              [
                11.8713307,
                44.5781311
              ],
              [
                11.8713274,
                44.5781327
              ],
              [
                11.8719183,
                44.5786893
              ],
              [
                11.8721086,
                44.5788685
              ],
              [
                11.8721196,
                44.5788628
              ],
              [
                11.8722569,
                44.5789891
              ],
              [
                11.8722757,
                44.5790196
              ],
              [
                11.8723657,
                44.5790791
              ],
              [
                11.8724638,
                44.5791493
              ],
              [
                11.8725538,
                44.5792138
              ],
              [
                11.872912,
                44.5794757
              ],
              [
                11.8725023,
                44.57979
              ],
              [
                11.8720353,
                44.5801751
              ],
              [
                11.8718158,
                44.5804064
              ],
              [
                11.87155,
                44.5806822
              ],
              [
                11.8710738,
                44.5811284
              ],
              [
                11.8705985,
                44.5815919
              ],
              [
                11.8702252,
                44.5819052
              ],
              [
                11.8698045,
                44.5822457
              ],
              [
                11.8694646,
                44.5824974
              ],
              [
                11.868959,
                44.5828401
              ],
              [
                11.8684638,
                44.5831477
              ],
              [
                11.867713,
                44.5834445
              ],
              [
                11.8670068,
                44.5836619
              ],
              [
                11.8663679,
                44.5837648
              ],
              [
                11.8655562,
                44.5838112
              ],
              [
                11.8646748,
                44.5836771
              ],
              [
                11.8637761,
                44.5834391
              ],
              [
                11.8629611,
                44.583173
              ],
              [
                11.8622411,
                44.5828611
              ],
              [
                11.8616225,
                44.5826335
              ],
              [
                11.8609929,
                44.5824322
              ],
              [
                11.8606706,
                44.5823014
              ],
              [
                11.8601965,
                44.5822959
              ],
              [
                11.8599308,
                44.5823286
              ],
              [
                11.8594326,
                44.5825755
              ],
              [
                11.8592093,
                44.5827287
              ],
              [
                11.8590943,
                44.5828618
              ],
              [
                11.8590673,
                44.5830535
              ],
              [
                11.8588495,
                44.5833195
              ],
              [
                11.8585999,
                44.5836818
              ],
              [
                11.8584745,
                44.5838499
              ],
              [
                11.8583317,
                44.5841574
              ],
              [
                11.8582001,
                44.5844472
              ],
              [
                11.8581098,
                44.5845884
              ],
              [
                11.858104,
                44.5847188
              ],
              [
                11.8578413,
                44.5853072
              ],
              [
                11.8576846,
                44.5855803
              ],
              [
                11.8575973,
                44.5857822
              ],
              [
                11.8571729,
                44.5862964
              ],
              [
                11.8566589,
                44.5867174
              ],
              [
                11.8557382,
                44.5872701
              ],
              [
                11.8550973,
                44.5875814
              ],
              [
                11.8545301,
                44.5879081
              ],
              [
                11.8536779,
                44.5883723
              ],
              [
                11.8530032,
                44.5887365
              ],
              [
                11.8525786,
                44.5889989
              ],
              [
                11.8522176,
                44.5893205
              ],
              [
                11.8518236,
                44.5897124
              ],
              [
                11.8515251,
                44.5900672
              ],
              [
                11.8512395,
                44.5904391
              ],
              [
                11.850664,
                44.591096
              ],
              [
                11.8501755,
                44.5915423
              ],
              [
                11.8498518,
                44.5918804
              ],
              [
                11.8493398,
                44.5923447
              ],
              [
                11.848643,
                44.5930046
              ],
              [
                11.8481205,
                44.5935039
              ],
              [
                11.8480641,
                44.5935922
              ],
              [
                11.8475642,
                44.5940562
              ],
              [
                11.847414,
                44.5942162
              ],
              [
                11.8472977,
                44.5943233
              ],
              [
                11.8462888,
                44.5953123
              ],
              [
                11.8454747,
                44.596062
              ],
              [
                11.8451137,
                44.5963836
              ],
              [
                11.8446012,
                44.5968392
              ],
              [
                11.8442523,
                44.5971605
              ],
              [
                11.8438578,
                44.5975437
              ],
              [
                11.8433675,
                44.5979554
              ],
              [
                11.842914,
                44.5983748
              ],
              [
                11.842368,
                44.598892
              ],
              [
                11.8418074,
                44.5993575
              ],
              [
                11.840212,
                44.6007865
              ],
              [
                11.8394694,
                44.6015083
              ],
              [
                11.8388652,
                44.6020791
              ],
              [
                11.838561,
                44.6023211
              ],
              [
                11.8385284,
                44.6024
              ],
              [
                11.8380857,
                44.6027931
              ],
              [
                11.8374589,
                44.6033992
              ],
              [
                11.8368885,
                44.603917
              ],
              [
                11.8363216,
                44.6045041
              ],
              [
                11.8357077,
                44.6051272
              ],
              [
                11.8352888,
                44.605511
              ],
              [
                11.8344762,
                44.6062953
              ],
              [
                11.8337191,
                44.606974
              ],
              [
                11.833278,
                44.6074018
              ],
              [
                11.8328717,
                44.6077939
              ],
              [
                11.831943,
                44.6084421
              ],
              [
                11.8311875,
                44.6091555
              ],
              [
                11.8304313,
                44.6098516
              ],
              [
                11.8294397,
                44.6107098
              ],
              [
                11.8289735,
                44.6111207
              ],
              [
                11.8283322,
                44.6116837
              ],
              [
                11.827961,
                44.6120489
              ],
              [
                11.8272553,
                44.6127871
              ],
              [
                11.8264625,
                44.613484
              ],
              [
                11.8256944,
                44.614189
              ],
              [
                11.8250066,
                44.6147965
              ],
              [
                11.8245876,
                44.6151802
              ],
              [
                11.8244621,
                44.6153483
              ],
              [
                11.8243101,
                44.6154736
              ],
              [
                11.8241833,
                44.6156157
              ],
              [
                11.8236843,
                44.6161056
              ],
              [
                11.8233443,
                44.6163658
              ],
              [
                11.8228265,
                44.6167173
              ],
              [
                11.8223203,
                44.6170598
              ],
              [
                11.821949,
                44.6174249
              ],
              [
                11.8216246,
                44.6177542
              ],
              [
                11.8212813,
                44.6181969
              ],
              [
                11.8207789,
                44.6188692
              ],
              [
                11.8205458,
                44.6193265
              ],
              [
                11.820208,
                44.6198819
              ],
              [
                11.8199024,
                44.6203497
              ],
              [
                11.8196273,
                44.6206951
              ],
              [
                11.8193941,
                44.6211524
              ],
              [
                11.8190278,
                44.6216216
              ],
              [
                11.8187783,
                44.6219925
              ],
              [
                11.8185074,
                44.6224247
              ],
              [
                11.8180519,
                44.6230611
              ],
              [
                11.8176642,
                44.6235916
              ],
              [
                11.8173552,
                44.62399
              ],
              [
                11.8171019,
                44.624308
              ],
              [
                11.816924,
                44.6244513
              ],
              [
                11.8166168,
                44.6247368
              ],
              [
                11.8162061,
                44.6250942
              ],
              [
                11.8156125,
                44.6254909
              ],
              [
                11.8149188,
                44.626029
              ],
              [
                11.8140883,
                44.6265566
              ],
              [
                11.812865,
                44.6272949
              ],
              [
                11.8121955,
                44.626755
              ],
              [
                11.8112065,
                44.6260335
              ],
              [
                11.8111216,
                44.626011
              ],
              [
                11.8107043,
                44.6259007
              ],
              [
                11.8084193,
                44.6252612
              ],
              [
                11.8078452,
                44.6250992
              ],
              [
                11.8083575,
                44.6243904
              ],
              [
                11.8073464,
                44.6239097
              ],
              [
                11.80659,
                44.623586
              ],
              [
                11.8060232,
                44.6233195
              ],
              [
                11.8055794,
                44.6231178
              ],
              [
                11.8044879,
                44.6226014
              ],
              [
                11.8032764,
                44.6220777
              ],
              [
                11.8031245,
                44.6220178
              ],
              [
                11.8029155,
                44.6218842
              ],
              [
                11.8027515,
                44.6218262
              ],
              [
                11.8022406,
                44.6215416
              ],
              [
                11.8020425,
                44.6214391
              ],
              [
                11.8012333,
                44.6211165
              ],
              [
                11.8009579,
                44.6209786
              ],
              [
                11.8004881,
                44.620751
              ],
              [
                11.8004478,
                44.6207447
              ],
              [
                11.8003596,
                44.6207423
              ],
              [
                11.80019,
                44.620655
              ],
              [
                11.7998339,
                44.6204718
              ],
              [
                11.7996894,
                44.6203897
              ],
              [
                11.7995365,
                44.6203153
              ],
              [
                11.7994012,
                44.6202403
              ],
              [
                11.7990249,
                44.6200665
              ],
              [
                11.7983274,
                44.619747
              ],
              [
                11.7980367,
                44.6196331
              ],
              [
                11.7978162,
                44.6195174
              ],
              [
                11.7970926,
                44.6191691
              ],
              [
                11.7964748,
                44.6188713
              ],
              [
                11.7961115,
                44.6187089
              ],
              [
                11.7956132,
                44.6184908
              ],
              [
                11.7951684,
                44.6182655
              ],
              [
                11.7948774,
                44.6181457
              ],
              [
                11.7946328,
                44.6180454
              ],
              [
                11.7944507,
                44.618041
              ],
              [
                11.7942125,
                44.6180734
              ],
              [
                11.7938904,
                44.6179927
              ],
              [
                11.7930907,
                44.6179533
              ],
              [
                11.7920633,
                44.6179075
              ],
              [
                11.7913028,
                44.6178648
              ],
              [
                11.7914956,
                44.6173992
              ],
              [
                11.7916717,
                44.6171091
              ],
              [
                11.7918168,
                44.6167837
              ],
              [
                11.7918261,
                44.6167844
              ],
              [
                11.7921451,
                44.6166545
              ],
              [
                11.7927119,
                44.6157474
              ],
              [
                11.7937576,
                44.6140855
              ],
              [
                11.7945547,
                44.6128727
              ],
              [
                11.7936763,
                44.6125377
              ],
              [
                11.7914978,
                44.6117077
              ],
              [
                11.7888382,
                44.6106902
              ],
              [
                11.7878603,
                44.6080238
              ],
              [
                11.7869136,
                44.6071573
              ],
              [
                11.7853449,
                44.6057272
              ],
              [
                11.7856319,
                44.6051414
              ],
              [
                11.7864062,
                44.6035541
              ],
              [
                11.7867425,
                44.6028492
              ],
              [
                11.7869164,
                44.6026163
              ],
              [
                11.7871329,
                44.602404
              ],
              [
                11.7872394,
                44.602051
              ],
              [
                11.7872794,
                44.6020501
              ],
              [
                11.78758,
                44.6007029
              ],
              [
                11.7879172,
                44.5991798
              ],
              [
                11.7880737,
                44.5984793
              ],
              [
                11.7882482,
                44.5978153
              ],
              [
                11.7888575,
                44.5954567
              ],
              [
                11.7897069,
                44.5922781
              ],
              [
                11.7857268,
                44.5922062
              ],
              [
                11.7857017,
                44.5850565
              ],
              [
                11.779432,
                44.5849069
              ],
              [
                11.7785155,
                44.5844885
              ],
              [
                11.7781747,
                44.5843301
              ],
              [
                11.7775954,
                44.5840631
              ],
              [
                11.7760588,
                44.5833621
              ],
              [
                11.7743348,
                44.5825704
              ],
              [
                11.7739873,
                44.5824121
              ],
              [
                11.7737895,
                44.5823103
              ],
              [
                11.7737003,
                44.5822643
              ],
              [
                11.7734237,
                44.5822639
              ],
              [
                11.7715074,
                44.5824748
              ],
              [
                11.7686892,
                44.5827837
              ],
              [
                11.7673483,
                44.5829279
              ],
              [
                11.7660283,
                44.5830751
              ],
              [
                11.7653362,
                44.5827329
              ],
              [
                11.7642683,
                44.5821826
              ],
              [
                11.7640459,
                44.5820684
              ],
              [
                11.7631247,
                44.5816032
              ],
              [
                11.7616254,
                44.5808462
              ],
              [
                11.7599253,
                44.5799942
              ],
              [
                11.7599417,
                44.5799784
              ],
              [
                11.7593275,
                44.5796718
              ],
              [
                11.7593023,
                44.5796698
              ],
              [
                11.7592974,
                44.5796697
              ],
              [
                11.759255,
                44.5796316
              ],
              [
                11.7588523,
                44.5796382
              ],
              [
                11.758333,
                44.5796717
              ],
              [
                11.7578619,
                44.5796742
              ],
              [
                11.7554972,
                44.5797579
              ],
              [
                11.7534667,
                44.579829
              ],
              [
                11.7515304,
                44.5799245
              ],
              [
                11.7503297,
                44.5799712
              ],
              [
                11.7500354,
                44.5798949
              ],
              [
                11.7489299,
                44.5798719
              ],
              [
                11.7488576,
                44.5799031
              ],
              [
                11.7487763,
                44.5799022
              ],
              [
                11.74853,
                44.5799392
              ],
              [
                11.7465472,
                44.5799692
              ],
              [
                11.7457711,
                44.579948
              ],
              [
                11.7456396,
                44.5799201
              ]
            ]
          ]
        ]
      },
      "id": "relation/3565893"
    }
  ]
}