{
"type": "FeatureCollection",
"name": "tracks",
"features": [
{ "type": "Feature", "properties": { "name": "Anello Valli di Comacchio", "cmt": "Anello Valli di Comacchio", "desc": "Anello Valli di Comacchio" }, "geometry": { "type": "LineString", "coordinates": [ [ 12.185136, 44.691192 ], [ 12.185198, 44.691169 ], [ 12.185269, 44.691123 ], [ 12.185317, 44.691071 ], [ 12.185357, 44.691015 ], [ 12.185396, 44.690966 ], [ 12.18544, 44.690907 ], [ 12.185471, 44.69085 ], [ 12.185399, 44.69083 ], [ 12.185304, 44.690796 ], [ 12.185236, 44.690721 ], [ 12.185228, 44.69065 ], [ 12.185236, 44.690571 ], [ 12.185246, 44.690513 ], [ 12.18523, 44.690435 ], [ 12.185154, 44.690425 ], [ 12.185088, 44.690463 ], [ 12.184969, 44.690506 ], [ 12.184874, 44.690534 ], [ 12.184785, 44.690556 ], [ 12.184681, 44.690574 ], [ 12.18456, 44.690586 ], [ 12.18445, 44.690602 ], [ 12.184378, 44.690609 ], [ 12.184251, 44.690613 ], [ 12.184138, 44.690619 ], [ 12.184051, 44.690621 ], [ 12.183917, 44.690618 ], [ 12.183852, 44.690617 ], [ 12.183702, 44.690617 ], [ 12.18359, 44.690617 ], [ 12.183467, 44.690617 ], [ 12.183344, 44.690618 ], [ 12.183232, 44.69061 ], [ 12.183116, 44.690613 ], [ 12.182998, 44.690614 ], [ 12.182933, 44.690613 ], [ 12.182805, 44.690603 ], [ 12.182696, 44.690596 ], [ 12.182581, 44.690596 ], [ 12.182506, 44.690595 ], [ 12.182393, 44.690597 ], [ 12.182294, 44.690596 ], [ 12.18223, 44.690596 ], [ 12.182115, 44.69059 ], [ 12.18204, 44.690581 ], [ 12.181936, 44.690567 ], [ 12.181835, 44.69057 ], [ 12.181713, 44.690563 ], [ 12.1816, 44.69058 ], [ 12.181477, 44.690583 ], [ 12.181371, 44.690589 ], [ 12.181272, 44.690596 ], [ 12.181201, 44.690608 ], [ 12.181138, 44.690632 ], [ 12.181045, 44.69064 ], [ 12.180953, 44.690636 ], [ 12.180846, 44.690644 ], [ 12.180723, 44.69066 ], [ 12.180598, 44.690676 ], [ 12.180481, 44.690691 ], [ 12.180364, 44.69072 ], [ 12.180237, 44.690745 ], [ 12.180171, 44.690754 ], [ 12.180103, 44.690763 ], [ 12.180034, 44.690775 ], [ 12.179915, 44.690807 ], [ 12.179787, 44.690827 ], [ 12.179722, 44.690839 ], [ 12.179604, 44.690868 ], [ 12.179474, 44.690902 ], [ 12.179409, 44.690918 ], [ 12.179307, 44.690957 ], [ 12.179211, 44.691009 ], [ 12.179126, 44.69105 ], [ 12.17904, 44.691092 ], [ 12.178977, 44.691129 ], [ 12.17889, 44.691168 ], [ 12.178823, 44.69116 ], [ 12.178765, 44.691138 ], [ 12.178708, 44.691102 ], [ 12.178619, 44.691068 ], [ 12.178556, 44.691045 ], [ 12.178495, 44.691021 ], [ 12.178437, 44.690999 ], [ 12.17837, 44.69097 ], [ 12.178284, 44.690937 ], [ 12.178195, 44.690901 ], [ 12.17811, 44.690865 ], [ 12.178046, 44.690835 ], [ 12.177968, 44.690803 ], [ 12.177905, 44.690714 ], [ 12.177952, 44.69062 ], [ 12.178001, 44.690541 ], [ 12.178006, 44.690462 ], [ 12.17796, 44.690398 ], [ 12.177879, 44.69036 ], [ 12.177778, 44.690321 ], [ 12.177716, 44.690284 ], [ 12.177647, 44.690266 ], [ 12.177608, 44.690221 ], [ 12.177554, 44.690172 ], [ 12.177493, 44.690128 ], [ 12.177458, 44.69009 ], [ 12.177423, 44.690042 ], [ 12.177394, 44.689996 ], [ 12.177366, 44.689944 ], [ 12.177333, 44.689889 ], [ 12.177271, 44.68983 ], [ 12.17722, 44.689783 ], [ 12.177187, 44.68974 ], [ 12.177135, 44.689699 ], [ 12.177104, 44.689653 ], [ 12.177057, 44.689611 ], [ 12.177004, 44.689558 ], [ 12.176953, 44.689505 ], [ 12.176903, 44.689452 ], [ 12.17685, 44.689399 ], [ 12.176793, 44.689346 ], [ 12.176738, 44.68929 ], [ 12.176696, 44.689252 ], [ 12.176656, 44.689211 ], [ 12.176605, 44.689157 ], [ 12.176543, 44.689094 ], [ 12.176478, 44.689024 ], [ 12.17641, 44.688949 ], [ 12.176374, 44.688912 ], [ 12.176304, 44.688837 ], [ 12.176268, 44.688798 ], [ 12.176232, 44.688759 ], [ 12.176161, 44.688682 ], [ 12.176098, 44.688615 ], [ 12.176033, 44.688542 ], [ 12.176, 44.688503 ], [ 12.175967, 44.688463 ], [ 12.175933, 44.688423 ], [ 12.1759, 44.688383 ], [ 12.175852, 44.688321 ], [ 12.175769, 44.688207 ], [ 12.175728, 44.688138 ], [ 12.17569, 44.6881 ], [ 12.175637, 44.688017 ], [ 12.175581, 44.687945 ], [ 12.175523, 44.687865 ], [ 12.175442, 44.687748 ], [ 12.175398, 44.687663 ], [ 12.175369, 44.687623 ], [ 12.175318, 44.687566 ], [ 12.17529, 44.687502 ], [ 12.175265, 44.687457 ], [ 12.175226, 44.687378 ], [ 12.175158, 44.687269 ], [ 12.175126, 44.687188 ], [ 12.175075, 44.687109 ], [ 12.175029, 44.687037 ], [ 12.174996, 44.686982 ], [ 12.174966, 44.686937 ], [ 12.17493, 44.686891 ], [ 12.174852, 44.686828 ], [ 12.174799, 44.68674 ], [ 12.174768, 44.686696 ], [ 12.17472, 44.686638 ], [ 12.174672, 44.686559 ], [ 12.174625, 44.686492 ], [ 12.174587, 44.686443 ], [ 12.174543, 44.686347 ], [ 12.174481, 44.686276 ], [ 12.174461, 44.686229 ], [ 12.174404, 44.686151 ], [ 12.174352, 44.686081 ], [ 12.174317, 44.686027 ], [ 12.174288, 44.685981 ], [ 12.174264, 44.685929 ], [ 12.174245, 44.685881 ], [ 12.1742, 44.685785 ], [ 12.174176, 44.685739 ], [ 12.174135, 44.685638 ], [ 12.174141, 44.685581 ], [ 12.174141, 44.685523 ], [ 12.174144, 44.685425 ], [ 12.174128, 44.685338 ], [ 12.174129, 44.685292 ], [ 12.174121, 44.685245 ], [ 12.174119, 44.685164 ], [ 12.174131, 44.685112 ], [ 12.174143, 44.685063 ], [ 12.174157, 44.685004 ], [ 12.174166, 44.684932 ], [ 12.17418, 44.684846 ], [ 12.174199, 44.684759 ], [ 12.17421, 44.684687 ], [ 12.174228, 44.684643 ], [ 12.174261, 44.684583 ], [ 12.174282, 44.684528 ], [ 12.174262, 44.68448 ], [ 12.174275, 44.684422 ], [ 12.174304, 44.684356 ], [ 12.17434, 44.684292 ], [ 12.174362, 44.684222 ], [ 12.174376, 44.684147 ], [ 12.174395, 44.684067 ], [ 12.174407, 44.684022 ], [ 12.17443, 44.68393 ], [ 12.174444, 44.683885 ], [ 12.174461, 44.683794 ], [ 12.174483, 44.683733 ], [ 12.174536, 44.68362 ], [ 12.174574, 44.683532 ], [ 12.174597, 44.683486 ], [ 12.174641, 44.683403 ], [ 12.174678, 44.683326 ], [ 12.174728, 44.683243 ], [ 12.174767, 44.683176 ], [ 12.1748, 44.683106 ], [ 12.174825, 44.68306 ], [ 12.174851, 44.683013 ], [ 12.174915, 44.682892 ], [ 12.17495, 44.682827 ], [ 12.175002, 44.682725 ], [ 12.175041, 44.68266 ], [ 12.175084, 44.682583 ], [ 12.17513, 44.682528 ], [ 12.175186, 44.682467 ], [ 12.17523, 44.68241 ], [ 12.175271, 44.68235 ], [ 12.175313, 44.682294 ], [ 12.17535, 44.682241 ], [ 12.175398, 44.682119 ], [ 12.175538, 44.681784 ], [ 12.175569, 44.681679 ], [ 12.175628, 44.681563 ], [ 12.175672, 44.681456 ], [ 12.175715, 44.68135 ], [ 12.175739, 44.681298 ], [ 12.175787, 44.681202 ], [ 12.175809, 44.681152 ], [ 12.175849, 44.681061 ], [ 12.175893, 44.680978 ], [ 12.175914, 44.680934 ], [ 12.175958, 44.680849 ], [ 12.175972, 44.680804 ], [ 12.176005, 44.680724 ], [ 12.176041, 44.680641 ], [ 12.176061, 44.680598 ], [ 12.176093, 44.68051 ], [ 12.176136, 44.680423 ], [ 12.176174, 44.680344 ], [ 12.176195, 44.6803 ], [ 12.17623, 44.680212 ], [ 12.176266, 44.680122 ], [ 12.176313, 44.680052 ], [ 12.176358, 44.679976 ], [ 12.176386, 44.679929 ], [ 12.176428, 44.67985 ], [ 12.176442, 44.679764 ], [ 12.176473, 44.679671 ], [ 12.176509, 44.679578 ], [ 12.176545, 44.679488 ], [ 12.176557, 44.679432 ], [ 12.176578, 44.679387 ], [ 12.176619, 44.679298 ], [ 12.176663, 44.679202 ], [ 12.176702, 44.679109 ], [ 12.176731, 44.679032 ], [ 12.176755, 44.678973 ], [ 12.176785, 44.678894 ], [ 12.17681, 44.678823 ], [ 12.176829, 44.678742 ], [ 12.176846, 44.67869 ], [ 12.176875, 44.67863 ], [ 12.176907, 44.678585 ], [ 12.176932, 44.678518 ], [ 12.176963, 44.678445 ], [ 12.176994, 44.678375 ], [ 12.17703, 44.678302 ], [ 12.177059, 44.678238 ], [ 12.177083, 44.678181 ], [ 12.177102, 44.67813 ], [ 12.177117, 44.67808 ], [ 12.177131, 44.678025 ], [ 12.177146, 44.677965 ], [ 12.177157, 44.677892 ], [ 12.177181, 44.677807 ], [ 12.177223, 44.677724 ], [ 12.177269, 44.677636 ], [ 12.177308, 44.677587 ], [ 12.177334, 44.67753 ], [ 12.177406, 44.67736 ], [ 12.177453, 44.677265 ], [ 12.177477, 44.677218 ], [ 12.177503, 44.67717 ], [ 12.177545, 44.677072 ], [ 12.177569, 44.677017 ], [ 12.177589, 44.676958 ], [ 12.177637, 44.676798 ], [ 12.177716, 44.67669 ], [ 12.17775, 44.676603 ], [ 12.177779, 44.676498 ], [ 12.177798, 44.676451 ], [ 12.177847, 44.676352 ], [ 12.177874, 44.676297 ], [ 12.177914, 44.676198 ], [ 12.177934, 44.676144 ], [ 12.177958, 44.676092 ], [ 12.177996, 44.675979 ], [ 12.178019, 44.675927 ], [ 12.17808, 44.675833 ], [ 12.178116, 44.675792 ], [ 12.17815, 44.675709 ], [ 12.178178, 44.675644 ], [ 12.178218, 44.67556 ], [ 12.178244, 44.675495 ], [ 12.17829, 44.675377 ], [ 12.178328, 44.675296 ], [ 12.178365, 44.675198 ], [ 12.178399, 44.675102 ], [ 12.178444, 44.675004 ], [ 12.178456, 44.674951 ], [ 12.17849, 44.674851 ], [ 12.178514, 44.674798 ], [ 12.178534, 44.674684 ], [ 12.178554, 44.674627 ], [ 12.178573, 44.674515 ], [ 12.178585, 44.674461 ], [ 12.1786, 44.674407 ], [ 12.178613, 44.674299 ], [ 12.178615, 44.674183 ], [ 12.178596, 44.674072 ], [ 12.178593, 44.674017 ], [ 12.178592, 44.673965 ], [ 12.178579, 44.673902 ], [ 12.178557, 44.673769 ], [ 12.178546, 44.673613 ], [ 12.17854, 44.673532 ], [ 12.178524, 44.673392 ], [ 12.178513, 44.673242 ], [ 12.1785, 44.673172 ], [ 12.178466, 44.673037 ], [ 12.178448, 44.672972 ], [ 12.178389, 44.672843 ], [ 12.178347, 44.672767 ], [ 12.178279, 44.672658 ], [ 12.178198, 44.672542 ], [ 12.178122, 44.672428 ], [ 12.17804, 44.672341 ], [ 12.177958, 44.672242 ], [ 12.177864, 44.672143 ], [ 12.17782, 44.672092 ], [ 12.177735, 44.671988 ], [ 12.177698, 44.671942 ], [ 12.177614, 44.671846 ], [ 12.177543, 44.671778 ], [ 12.177476, 44.671707 ], [ 12.177403, 44.671636 ], [ 12.177331, 44.671546 ], [ 12.177272, 44.671507 ], [ 12.177223, 44.671417 ], [ 12.177171, 44.671363 ], [ 12.177102, 44.67129 ], [ 12.177054, 44.671245 ], [ 12.176984, 44.671168 ], [ 12.176947, 44.671126 ], [ 12.176859, 44.671046 ], [ 12.176827, 44.671005 ], [ 12.17675, 44.670916 ], [ 12.176692, 44.670828 ], [ 12.176661, 44.670736 ], [ 12.176627, 44.670693 ], [ 12.176601, 44.670646 ], [ 12.176572, 44.670548 ], [ 12.176556, 44.670499 ], [ 12.176546, 44.67043 ], [ 12.176535, 44.670386 ], [ 12.176576, 44.670333 ], [ 12.176557, 44.670263 ], [ 12.176574, 44.670187 ], [ 12.176592, 44.670117 ], [ 12.176617, 44.670044 ], [ 12.176637, 44.669969 ], [ 12.176658, 44.669892 ], [ 12.176674, 44.669823 ], [ 12.176687, 44.669756 ], [ 12.176703, 44.66968 ], [ 12.176722, 44.669594 ], [ 12.176738, 44.669509 ], [ 12.176752, 44.669416 ], [ 12.176758, 44.669367 ], [ 12.176771, 44.669276 ], [ 12.176783, 44.669188 ], [ 12.176797, 44.66911 ], [ 12.176803, 44.669041 ], [ 12.176833, 44.668958 ], [ 12.176848, 44.668855 ], [ 12.176852, 44.668764 ], [ 12.176894, 44.668687 ], [ 12.176919, 44.668638 ], [ 12.176918, 44.668556 ], [ 12.176938, 44.668491 ], [ 12.176951, 44.668405 ], [ 12.176958, 44.66836 ], [ 12.176975, 44.668275 ], [ 12.176989, 44.668192 ], [ 12.177, 44.66811 ], [ 12.177007, 44.668026 ], [ 12.177016, 44.66794 ], [ 12.177028, 44.667867 ], [ 12.17705, 44.667788 ], [ 12.177068, 44.66771 ], [ 12.177086, 44.667623 ], [ 12.177102, 44.667543 ], [ 12.177121, 44.667462 ], [ 12.177135, 44.667379 ], [ 12.177151, 44.667298 ], [ 12.177171, 44.667211 ], [ 12.177188, 44.667134 ], [ 12.177207, 44.667052 ], [ 12.177216, 44.666999 ], [ 12.177247, 44.6669 ], [ 12.177271, 44.666811 ], [ 12.177302, 44.666758 ], [ 12.177329, 44.666684 ], [ 12.177352, 44.666613 ], [ 12.177391, 44.666533 ], [ 12.177426, 44.666484 ], [ 12.177487, 44.666413 ], [ 12.177549, 44.66634 ], [ 12.177599, 44.66627 ], [ 12.177669, 44.666197 ], [ 12.17773, 44.666126 ], [ 12.177794, 44.666042 ], [ 12.177867, 44.665982 ], [ 12.177911, 44.665888 ], [ 12.177971, 44.66581 ], [ 12.178035, 44.665745 ], [ 12.178096, 44.665647 ], [ 12.178145, 44.665582 ], [ 12.178215, 44.665497 ], [ 12.178245, 44.665453 ], [ 12.178342, 44.665323 ], [ 12.178408, 44.665246 ], [ 12.178454, 44.665208 ], [ 12.178481, 44.665161 ], [ 12.178513, 44.665116 ], [ 12.178587, 44.665026 ], [ 12.178659, 44.664951 ], [ 12.178732, 44.664876 ], [ 12.178782, 44.664809 ], [ 12.178812, 44.664742 ], [ 12.178876, 44.664663 ], [ 12.178911, 44.664625 ], [ 12.178966, 44.664554 ], [ 12.179009, 44.664505 ], [ 12.179169, 44.664371 ], [ 12.179221, 44.664339 ], [ 12.179308, 44.664286 ], [ 12.1794, 44.664233 ], [ 12.17947, 44.664194 ], [ 12.179574, 44.664146 ], [ 12.179669, 44.664089 ], [ 12.17976, 44.664051 ], [ 12.179882, 44.664019 ], [ 12.179988, 44.66398 ], [ 12.18008, 44.663945 ], [ 12.180174, 44.663919 ], [ 12.180299, 44.663889 ], [ 12.180459, 44.663856 ], [ 12.180563, 44.66383 ], [ 12.180668, 44.663801 ], [ 12.18077, 44.663765 ], [ 12.180847, 44.663743 ], [ 12.180932, 44.663712 ], [ 12.181034, 44.663685 ], [ 12.181139, 44.663657 ], [ 12.181248, 44.663629 ], [ 12.18136, 44.6636 ], [ 12.181422, 44.663583 ], [ 12.181492, 44.66356 ], [ 12.18165, 44.663507 ], [ 12.181733, 44.663482 ], [ 12.181798, 44.66346 ], [ 12.181902, 44.663425 ], [ 12.18198, 44.663406 ], [ 12.182046, 44.663391 ], [ 12.182139, 44.66337 ], [ 12.182215, 44.663347 ], [ 12.182299, 44.663327 ], [ 12.182399, 44.663302 ], [ 12.182512, 44.663271 ], [ 12.182667, 44.663229 ], [ 12.182811, 44.663188 ], [ 12.182881, 44.663164 ], [ 12.183009, 44.663114 ], [ 12.183116, 44.66307 ], [ 12.183202, 44.66304 ], [ 12.183506, 44.662945 ], [ 12.183761, 44.66289 ], [ 12.183494, 44.662983 ], [ 12.183892, 44.662925 ], [ 12.183974, 44.662918 ], [ 12.184046, 44.662879 ], [ 12.184112, 44.662848 ], [ 12.184199, 44.662818 ], [ 12.184284, 44.66279 ], [ 12.184376, 44.662765 ], [ 12.184492, 44.662727 ], [ 12.184612, 44.6627 ], [ 12.184733, 44.662669 ], [ 12.184814, 44.662632 ], [ 12.184892, 44.662595 ], [ 12.185018, 44.662533 ], [ 12.185081, 44.66248 ], [ 12.18515, 44.662404 ], [ 12.185186, 44.662364 ], [ 12.185221, 44.662318 ], [ 12.185208, 44.662257 ], [ 12.18517, 44.662212 ], [ 12.185106, 44.662151 ], [ 12.185019, 44.662086 ], [ 12.184933, 44.662041 ], [ 12.184839, 44.661992 ], [ 12.184736, 44.661953 ], [ 12.184636, 44.661917 ], [ 12.184537, 44.661882 ], [ 12.184441, 44.661848 ], [ 12.184359, 44.661832 ], [ 12.184293, 44.661805 ], [ 12.184288, 44.661737 ], [ 12.18434, 44.66169 ], [ 12.184389, 44.661651 ], [ 12.184438, 44.661596 ], [ 12.184484, 44.661538 ], [ 12.184525, 44.661501 ], [ 12.184547, 44.66144 ], [ 12.184576, 44.66139 ], [ 12.1846, 44.661328 ], [ 12.184561, 44.661292 ], [ 12.184484, 44.661292 ], [ 12.184419, 44.661291 ], [ 12.184346, 44.661254 ], [ 12.184256, 44.661205 ], [ 12.184145, 44.661154 ], [ 12.184013, 44.661089 ], [ 12.183877, 44.661042 ], [ 12.183818, 44.661026 ], [ 12.183708, 44.660963 ], [ 12.183648, 44.660936 ], [ 12.183562, 44.660918 ], [ 12.183483, 44.660898 ], [ 12.183319, 44.660832 ], [ 12.18321, 44.660783 ], [ 12.183099, 44.660773 ], [ 12.182998, 44.660752 ], [ 12.182896, 44.660725 ], [ 12.182816, 44.660702 ], [ 12.182748, 44.660682 ], [ 12.18263, 44.660644 ], [ 12.182564, 44.660626 ], [ 12.182415, 44.660588 ], [ 12.182293, 44.660549 ], [ 12.18217, 44.660503 ], [ 12.182035, 44.660449 ], [ 12.181954, 44.660416 ], [ 12.181856, 44.660396 ], [ 12.181687, 44.660367 ], [ 12.181507, 44.660308 ], [ 12.181443, 44.660284 ], [ 12.18138, 44.660277 ], [ 12.181311, 44.660241 ], [ 12.181251, 44.660221 ], [ 12.181152, 44.660179 ], [ 12.181041, 44.660158 ], [ 12.180944, 44.660138 ], [ 12.180878, 44.660118 ], [ 12.180777, 44.660098 ], [ 12.180679, 44.660076 ], [ 12.180581, 44.660037 ], [ 12.180455, 44.659995 ], [ 12.180344, 44.65997 ], [ 12.180278, 44.659946 ], [ 12.180184, 44.659906 ], [ 12.180073, 44.659866 ], [ 12.179981, 44.659837 ], [ 12.17985, 44.659793 ], [ 12.179778, 44.659767 ], [ 12.17971, 44.659742 ], [ 12.179618, 44.659695 ], [ 12.179502, 44.659666 ], [ 12.179399, 44.659634 ], [ 12.179294, 44.65958 ], [ 12.17922, 44.659549 ], [ 12.179128, 44.659513 ], [ 12.179016, 44.659462 ], [ 12.178877, 44.659409 ], [ 12.178823, 44.659384 ], [ 12.178725, 44.659358 ], [ 12.17863, 44.65933 ], [ 12.17852, 44.659292 ], [ 12.178462, 44.659256 ], [ 12.178348, 44.659217 ], [ 12.178249, 44.659186 ], [ 12.178153, 44.659149 ], [ 12.178051, 44.659118 ], [ 12.177942, 44.659097 ], [ 12.17784, 44.659063 ], [ 12.177744, 44.659036 ], [ 12.177648, 44.659008 ], [ 12.177546, 44.658973 ], [ 12.177441, 44.658937 ], [ 12.17734, 44.658908 ], [ 12.177238, 44.65888 ], [ 12.177138, 44.658849 ], [ 12.177036, 44.658817 ], [ 12.176923, 44.658783 ], [ 12.176811, 44.658749 ], [ 12.176704, 44.658715 ], [ 12.176597, 44.658683 ], [ 12.176497, 44.658654 ], [ 12.17639, 44.658614 ], [ 12.176287, 44.658574 ], [ 12.176176, 44.658539 ], [ 12.176059, 44.658505 ], [ 12.175943, 44.658473 ], [ 12.175852, 44.658449 ], [ 12.175701, 44.658401 ], [ 12.175608, 44.658373 ], [ 12.175531, 44.65835 ], [ 12.175401, 44.658311 ], [ 12.175278, 44.658273 ], [ 12.175207, 44.658245 ], [ 12.175138, 44.658217 ], [ 12.175085, 44.65819 ], [ 12.175004, 44.658159 ], [ 12.174929, 44.658132 ], [ 12.174852, 44.658106 ], [ 12.174691, 44.658048 ], [ 12.174476, 44.657991 ], [ 12.174361, 44.65796 ], [ 12.17426, 44.65793 ], [ 12.174149, 44.657898 ], [ 12.174045, 44.657864 ], [ 12.173952, 44.657831 ], [ 12.173886, 44.657809 ], [ 12.173742, 44.65776 ], [ 12.17366, 44.65773 ], [ 12.173572, 44.657697 ], [ 12.173489, 44.657671 ], [ 12.173248, 44.65759 ], [ 12.173137, 44.657559 ], [ 12.173032, 44.657528 ], [ 12.172942, 44.657505 ], [ 12.172812, 44.657467 ], [ 12.17274, 44.657456 ], [ 12.172601, 44.657423 ], [ 12.172535, 44.657424 ], [ 12.172463, 44.657411 ], [ 12.1724, 44.657394 ], [ 12.172309, 44.657371 ], [ 12.172245, 44.657346 ], [ 12.172158, 44.657324 ], [ 12.172044, 44.657294 ], [ 12.171895, 44.657245 ], [ 12.171779, 44.657211 ], [ 12.171658, 44.657171 ], [ 12.171586, 44.657141 ], [ 12.171496, 44.657102 ], [ 12.171314, 44.657032 ], [ 12.171255, 44.657006 ], [ 12.171152, 44.656958 ], [ 12.17108, 44.656938 ], [ 12.171014, 44.656913 ], [ 12.170922, 44.656887 ], [ 12.170862, 44.656865 ], [ 12.170749, 44.656821 ], [ 12.170633, 44.656781 ], [ 12.170501, 44.656755 ], [ 12.170393, 44.656718 ], [ 12.1703, 44.656687 ], [ 12.170157, 44.656645 ], [ 12.17006, 44.656597 ], [ 12.169899, 44.656544 ], [ 12.169782, 44.656507 ], [ 12.16965, 44.656481 ], [ 12.169536, 44.656429 ], [ 12.169449, 44.656408 ], [ 12.169381, 44.656388 ], [ 12.169273, 44.656352 ], [ 12.169125, 44.656305 ], [ 12.169012, 44.656275 ], [ 12.168895, 44.656232 ], [ 12.168781, 44.656197 ], [ 12.16867, 44.656172 ], [ 12.168545, 44.656136 ], [ 12.168428, 44.656099 ], [ 12.168338, 44.656068 ], [ 12.168225, 44.656029 ], [ 12.16811, 44.656009 ], [ 12.167992, 44.65595 ], [ 12.167936, 44.655926 ], [ 12.16781, 44.655884 ], [ 12.167734, 44.655874 ], [ 12.167659, 44.655881 ], [ 12.167585, 44.655884 ], [ 12.167437, 44.65581 ], [ 12.167339, 44.65578 ], [ 12.16723, 44.655747 ], [ 12.167121, 44.655718 ], [ 12.167018, 44.655689 ], [ 12.166891, 44.655655 ], [ 12.166761, 44.655611 ], [ 12.16669, 44.655586 ], [ 12.166585, 44.655546 ], [ 12.166517, 44.655517 ], [ 12.166415, 44.655481 ], [ 12.16609, 44.655362 ], [ 12.165974, 44.655325 ], [ 12.165916, 44.655305 ], [ 12.165805, 44.655269 ], [ 12.165744, 44.65525 ], [ 12.165666, 44.655225 ], [ 12.165509, 44.655181 ], [ 12.165365, 44.65514 ], [ 12.16525, 44.655104 ], [ 12.165156, 44.655059 ], [ 12.165094, 44.655045 ], [ 12.164996, 44.655018 ], [ 12.164836, 44.654972 ], [ 12.164673, 44.654912 ], [ 12.164564, 44.654886 ], [ 12.164448, 44.654843 ], [ 12.164344, 44.654816 ], [ 12.16425, 44.65479 ], [ 12.164095, 44.654738 ], [ 12.164026, 44.654717 ], [ 12.163901, 44.654676 ], [ 12.163814, 44.654653 ], [ 12.163732, 44.654633 ], [ 12.163629, 44.654607 ], [ 12.163448, 44.654551 ], [ 12.163334, 44.654508 ], [ 12.163212, 44.654474 ], [ 12.16315, 44.65445 ], [ 12.163044, 44.654421 ], [ 12.162983, 44.654406 ], [ 12.162784, 44.654375 ], [ 12.162679, 44.654342 ], [ 12.162564, 44.654306 ], [ 12.162496, 44.654278 ], [ 12.162378, 44.654243 ], [ 12.162108, 44.654186 ], [ 12.162036, 44.654148 ], [ 12.161937, 44.654125 ], [ 12.161824, 44.654063 ], [ 12.161732, 44.654021 ], [ 12.161646, 44.653996 ], [ 12.161555, 44.653972 ], [ 12.161389, 44.65392 ], [ 12.161301, 44.653881 ], [ 12.161212, 44.653846 ], [ 12.161121, 44.653818 ], [ 12.161033, 44.65379 ], [ 12.16093, 44.653769 ], [ 12.160822, 44.65373 ], [ 12.160735, 44.653701 ], [ 12.160652, 44.653678 ], [ 12.160563, 44.653659 ], [ 12.160479, 44.653635 ], [ 12.160408, 44.653606 ], [ 12.160332, 44.653578 ], [ 12.160254, 44.653546 ], [ 12.160162, 44.653506 ], [ 12.160067, 44.653475 ], [ 12.159968, 44.653446 ], [ 12.159868, 44.653417 ], [ 12.159776, 44.653389 ], [ 12.159689, 44.653361 ], [ 12.159602, 44.653328 ], [ 12.159524, 44.653296 ], [ 12.159449, 44.653271 ], [ 12.159378, 44.653247 ], [ 12.1593, 44.653217 ], [ 12.159207, 44.653184 ], [ 12.159107, 44.653149 ], [ 12.159004, 44.653113 ], [ 12.158893, 44.65308 ], [ 12.158788, 44.653046 ], [ 12.158685, 44.653012 ], [ 12.158578, 44.652978 ], [ 12.158468, 44.652949 ], [ 12.158352, 44.652918 ], [ 12.158245, 44.652886 ], [ 12.158139, 44.652853 ], [ 12.158025, 44.652814 ], [ 12.157946, 44.652789 ], [ 12.157796, 44.652747 ], [ 12.157687, 44.652716 ], [ 12.157602, 44.652676 ], [ 12.157506, 44.652644 ], [ 12.157408, 44.652608 ], [ 12.157317, 44.652579 ], [ 12.157214, 44.652548 ], [ 12.157104, 44.652508 ], [ 12.15701, 44.652478 ], [ 12.156914, 44.652447 ], [ 12.156818, 44.652417 ], [ 12.156721, 44.652389 ], [ 12.156625, 44.652359 ], [ 12.15652, 44.652325 ], [ 12.156411, 44.652285 ], [ 12.156312, 44.652249 ], [ 12.156221, 44.65222 ], [ 12.156113, 44.652191 ], [ 12.156028, 44.652168 ], [ 12.155921, 44.65214 ], [ 12.155793, 44.6521 ], [ 12.155667, 44.652059 ], [ 12.1556, 44.65204 ], [ 12.155536, 44.652021 ], [ 12.155398, 44.651985 ], [ 12.15533, 44.651966 ], [ 12.155218, 44.65193 ], [ 12.155112, 44.651894 ], [ 12.155004, 44.65186 ], [ 12.154889, 44.651826 ], [ 12.154831, 44.651808 ], [ 12.154751, 44.651801 ], [ 12.154665, 44.651786 ], [ 12.154578, 44.651759 ], [ 12.154495, 44.651736 ], [ 12.154401, 44.651712 ], [ 12.154308, 44.651691 ], [ 12.154211, 44.651672 ], [ 12.154118, 44.651635 ], [ 12.153986, 44.651612 ], [ 12.153867, 44.651561 ], [ 12.153702, 44.651493 ], [ 12.153527, 44.6514 ], [ 12.153414, 44.651357 ], [ 12.153353, 44.651336 ], [ 12.153247, 44.651306 ], [ 12.153161, 44.651295 ], [ 12.153048, 44.651275 ], [ 12.152897, 44.65121 ], [ 12.152813, 44.651173 ], [ 12.15271, 44.651136 ], [ 12.152631, 44.651116 ], [ 12.152531, 44.6511 ], [ 12.152422, 44.651077 ], [ 12.152312, 44.651043 ], [ 12.152168, 44.650992 ], [ 12.152105, 44.650986 ], [ 12.152001, 44.650987 ], [ 12.151921, 44.650993 ], [ 12.151799, 44.651002 ], [ 12.151587, 44.650964 ], [ 12.151465, 44.650949 ], [ 12.151358, 44.650944 ], [ 12.151266, 44.650952 ], [ 12.151168, 44.650966 ], [ 12.151056, 44.650963 ], [ 12.150958, 44.650976 ], [ 12.150874, 44.651001 ], [ 12.150797, 44.65102 ], [ 12.150724, 44.651026 ], [ 12.150657, 44.651047 ], [ 12.150582, 44.651072 ], [ 12.150495, 44.651094 ], [ 12.150387, 44.651104 ], [ 12.150287, 44.651108 ], [ 12.1502, 44.651107 ], [ 12.150103, 44.651108 ], [ 12.149997, 44.651113 ], [ 12.149917, 44.651108 ], [ 12.149845, 44.651103 ], [ 12.149778, 44.651092 ], [ 12.149841, 44.651089 ], [ 12.149922, 44.65108 ], [ 12.15002, 44.651076 ], [ 12.150113, 44.65105 ], [ 12.150169, 44.651004 ], [ 12.150182, 44.650951 ], [ 12.150204, 44.650883 ], [ 12.15024, 44.650808 ], [ 12.15028, 44.650729 ], [ 12.150306, 44.650687 ], [ 12.150369, 44.650604 ], [ 12.150448, 44.650536 ], [ 12.150536, 44.650482 ], [ 12.150592, 44.650448 ], [ 12.150558, 44.650405 ], [ 12.150579, 44.650359 ], [ 12.150572, 44.650314 ], [ 12.150497, 44.650285 ], [ 12.15056, 44.650309 ], [ 12.150582, 44.650364 ], [ 12.150574, 44.650415 ], [ 12.150569, 44.650467 ], [ 12.150506, 44.650495 ], [ 12.150448, 44.65053 ], [ 12.150385, 44.650578 ], [ 12.150354, 44.65062 ], [ 12.150313, 44.650675 ], [ 12.150275, 44.650736 ], [ 12.15024, 44.650794 ], [ 12.150206, 44.650851 ], [ 12.150187, 44.650906 ], [ 12.150173, 44.650954 ], [ 12.15017, 44.651015 ], [ 12.150174, 44.65107 ], [ 12.150107, 44.651096 ], [ 12.150043, 44.651099 ], [ 12.149964, 44.6511 ], [ 12.149875, 44.651101 ], [ 12.149778, 44.651103 ], [ 12.14967, 44.651105 ], [ 12.14954, 44.651106 ], [ 12.149402, 44.651108 ], [ 12.149336, 44.651109 ], [ 12.149199, 44.651111 ], [ 12.149065, 44.651112 ], [ 12.14894, 44.651113 ], [ 12.14883, 44.651118 ], [ 12.148723, 44.651123 ], [ 12.148609, 44.651128 ], [ 12.148492, 44.651136 ], [ 12.148416, 44.651144 ], [ 12.148337, 44.651156 ], [ 12.148254, 44.651169 ], [ 12.148187, 44.651183 ], [ 12.148124, 44.65119 ], [ 12.148052, 44.651197 ], [ 12.147956, 44.651198 ], [ 12.14786, 44.651193 ], [ 12.147753, 44.651203 ], [ 12.147652, 44.651211 ], [ 12.14754, 44.651215 ], [ 12.147432, 44.651218 ], [ 12.147324, 44.651222 ], [ 12.147216, 44.651228 ], [ 12.147103, 44.651229 ], [ 12.146993, 44.65123 ], [ 12.146885, 44.651228 ], [ 12.146769, 44.651232 ], [ 12.146661, 44.651242 ], [ 12.146552, 44.651253 ], [ 12.146431, 44.651262 ], [ 12.146308, 44.651268 ], [ 12.146187, 44.651275 ], [ 12.146066, 44.651282 ], [ 12.145948, 44.651284 ], [ 12.145808, 44.651286 ], [ 12.145675, 44.651303 ], [ 12.145544, 44.65131 ], [ 12.145413, 44.651321 ], [ 12.14535, 44.651327 ], [ 12.145209, 44.651324 ], [ 12.145134, 44.651332 ], [ 12.145011, 44.651338 ], [ 12.144946, 44.651345 ], [ 12.144849, 44.651355 ], [ 12.144783, 44.65136 ], [ 12.144573, 44.651369 ], [ 12.144428, 44.651363 ], [ 12.144348, 44.65136 ], [ 12.144227, 44.651361 ], [ 12.144089, 44.651348 ], [ 12.143969, 44.651351 ], [ 12.143902, 44.651351 ], [ 12.143786, 44.651361 ], [ 12.143675, 44.651371 ], [ 12.143572, 44.651377 ], [ 12.143453, 44.651384 ], [ 12.143318, 44.651393 ], [ 12.143199, 44.651401 ], [ 12.143068, 44.651409 ], [ 12.142932, 44.651416 ], [ 12.142811, 44.651419 ], [ 12.142686, 44.651415 ], [ 12.142554, 44.651407 ], [ 12.142443, 44.651409 ], [ 12.142322, 44.651414 ], [ 12.142207, 44.651423 ], [ 12.142142, 44.651427 ], [ 12.14202, 44.651437 ], [ 12.1419, 44.651446 ], [ 12.141768, 44.651458 ], [ 12.141666, 44.651456 ], [ 12.141543, 44.651473 ], [ 12.141476, 44.651482 ], [ 12.141347, 44.651482 ], [ 12.141234, 44.651494 ], [ 12.141108, 44.651506 ], [ 12.140993, 44.651508 ], [ 12.140877, 44.651513 ], [ 12.140747, 44.651518 ], [ 12.140632, 44.651522 ], [ 12.14053, 44.651535 ], [ 12.140418, 44.651545 ], [ 12.140308, 44.651549 ], [ 12.14019, 44.651557 ], [ 12.140079, 44.651565 ], [ 12.139966, 44.651573 ], [ 12.139853, 44.65158 ], [ 12.139739, 44.651583 ], [ 12.139629, 44.651586 ], [ 12.139551, 44.651589 ], [ 12.139415, 44.651594 ], [ 12.139309, 44.651598 ], [ 12.1392, 44.6516 ], [ 12.139115, 44.651604 ], [ 12.139047, 44.651606 ], [ 12.138966, 44.651609 ], [ 12.138827, 44.651619 ], [ 12.13873, 44.651621 ], [ 12.138605, 44.651631 ], [ 12.138486, 44.65164 ], [ 12.138354, 44.65164 ], [ 12.138279, 44.651643 ], [ 12.138128, 44.651655 ], [ 12.138029, 44.651654 ], [ 12.137922, 44.65166 ], [ 12.137818, 44.65166 ], [ 12.137706, 44.651668 ], [ 12.137601, 44.651669 ], [ 12.137482, 44.651671 ], [ 12.137363, 44.651678 ], [ 12.137254, 44.651684 ], [ 12.137143, 44.651687 ], [ 12.137025, 44.651689 ], [ 12.136942, 44.651688 ], [ 12.13662, 44.651704 ], [ 12.136506, 44.651716 ], [ 12.136387, 44.65172 ], [ 12.136278, 44.651724 ], [ 12.136185, 44.651733 ], [ 12.136104, 44.651733 ], [ 12.135988, 44.651737 ], [ 12.135911, 44.651739 ], [ 12.135788, 44.651739 ], [ 12.13567, 44.651748 ], [ 12.135556, 44.651754 ], [ 12.13544, 44.651759 ], [ 12.135334, 44.651761 ], [ 12.135224, 44.651757 ], [ 12.135104, 44.651768 ], [ 12.134984, 44.651775 ], [ 12.134868, 44.651781 ], [ 12.134753, 44.651789 ], [ 12.134651, 44.6518 ], [ 12.134568, 44.651808 ], [ 12.134476, 44.651816 ], [ 12.134334, 44.651823 ], [ 12.134231, 44.65183 ], [ 12.134111, 44.651846 ], [ 12.134007, 44.651849 ], [ 12.133905, 44.651837 ], [ 12.133798, 44.651839 ], [ 12.133707, 44.651836 ], [ 12.133618, 44.651841 ], [ 12.133501, 44.651848 ], [ 12.133347, 44.651866 ], [ 12.133157, 44.651857 ], [ 12.133065, 44.651854 ], [ 12.13291, 44.651858 ], [ 12.13284, 44.651849 ], [ 12.132703, 44.651847 ], [ 12.132639, 44.651861 ], [ 12.132523, 44.65186 ], [ 12.132403, 44.651874 ], [ 12.132289, 44.651893 ], [ 12.132169, 44.651899 ], [ 12.132056, 44.651897 ], [ 12.131939, 44.65192 ], [ 12.131815, 44.651928 ], [ 12.131698, 44.651931 ], [ 12.131598, 44.65194 ], [ 12.131497, 44.651941 ], [ 12.131397, 44.651945 ], [ 12.131302, 44.651958 ], [ 12.131207, 44.651976 ], [ 12.131085, 44.651981 ], [ 12.130951, 44.651981 ], [ 12.130885, 44.651969 ], [ 12.130756, 44.651985 ], [ 12.130625, 44.651993 ], [ 12.130498, 44.651997 ], [ 12.130311, 44.652004 ], [ 12.130191, 44.652013 ], [ 12.130085, 44.652024 ], [ 12.12998, 44.652033 ], [ 12.129843, 44.652037 ], [ 12.129714, 44.65203 ], [ 12.129588, 44.652041 ], [ 12.129463, 44.652046 ], [ 12.129399, 44.652049 ], [ 12.129278, 44.652051 ], [ 12.129169, 44.652064 ], [ 12.129061, 44.65207 ], [ 12.12896, 44.652073 ], [ 12.128843, 44.652076 ], [ 12.128727, 44.652082 ], [ 12.128612, 44.652081 ], [ 12.128497, 44.652082 ], [ 12.128374, 44.652085 ], [ 12.128257, 44.652085 ], [ 12.128147, 44.652087 ], [ 12.128031, 44.65209 ], [ 12.127934, 44.652089 ], [ 12.127833, 44.652087 ], [ 12.127704, 44.652093 ], [ 12.127542, 44.652073 ], [ 12.127478, 44.652071 ], [ 12.127353, 44.652083 ], [ 12.127287, 44.652089 ], [ 12.127214, 44.652095 ], [ 12.127144, 44.652098 ], [ 12.127043, 44.652094 ], [ 12.12688, 44.652095 ], [ 12.126745, 44.652097 ], [ 12.126618, 44.652104 ], [ 12.126517, 44.65211 ], [ 12.12639, 44.652116 ], [ 12.126254, 44.652116 ], [ 12.126139, 44.652124 ], [ 12.126015, 44.652134 ], [ 12.125879, 44.652151 ], [ 12.125748, 44.652157 ], [ 12.125615, 44.65217 ], [ 12.125511, 44.652177 ], [ 12.125425, 44.652162 ], [ 12.125313, 44.652164 ], [ 12.125195, 44.652173 ], [ 12.12507, 44.652188 ], [ 12.124998, 44.652193 ], [ 12.124886, 44.652188 ], [ 12.124796, 44.652187 ], [ 12.124717, 44.652191 ], [ 12.124572, 44.652202 ], [ 12.12446, 44.652203 ], [ 12.124331, 44.652214 ], [ 12.124184, 44.652221 ], [ 12.124063, 44.652227 ], [ 12.123973, 44.652231 ], [ 12.123871, 44.652238 ], [ 12.123737, 44.652249 ], [ 12.123592, 44.652264 ], [ 12.123443, 44.652259 ], [ 12.123375, 44.652265 ], [ 12.123311, 44.652267 ], [ 12.123238, 44.652283 ], [ 12.123101, 44.652302 ], [ 12.123036, 44.652312 ], [ 12.122913, 44.652329 ], [ 12.122819, 44.652341 ], [ 12.122752, 44.652348 ], [ 12.122685, 44.652354 ], [ 12.122541, 44.65238 ], [ 12.122413, 44.65238 ], [ 12.1223, 44.652386 ], [ 12.122204, 44.652393 ], [ 12.122094, 44.652398 ], [ 12.122024, 44.652403 ], [ 12.12189, 44.652414 ], [ 12.121755, 44.652415 ], [ 12.121687, 44.652417 ], [ 12.121564, 44.652422 ], [ 12.121445, 44.652422 ], [ 12.121326, 44.652425 ], [ 12.121203, 44.652427 ], [ 12.121094, 44.652423 ], [ 12.120981, 44.652422 ], [ 12.120863, 44.652421 ], [ 12.120758, 44.652425 ], [ 12.120652, 44.652426 ], [ 12.120545, 44.652427 ], [ 12.120433, 44.652428 ], [ 12.120318, 44.652433 ], [ 12.120206, 44.652438 ], [ 12.120062, 44.652439 ], [ 12.119935, 44.652441 ], [ 12.119858, 44.652438 ], [ 12.119794, 44.652438 ], [ 12.119671, 44.652435 ], [ 12.119541, 44.652435 ], [ 12.119464, 44.652433 ], [ 12.119337, 44.652433 ], [ 12.119273, 44.652432 ], [ 12.119203, 44.652432 ], [ 12.119077, 44.652429 ], [ 12.119009, 44.65243 ], [ 12.118865, 44.652433 ], [ 12.118802, 44.652438 ], [ 12.118677, 44.652434 ], [ 12.118564, 44.652441 ], [ 12.118448, 44.65244 ], [ 12.118314, 44.652439 ], [ 12.118249, 44.65244 ], [ 12.118157, 44.652439 ], [ 12.117992, 44.652437 ], [ 12.117851, 44.652433 ], [ 12.117707, 44.652433 ], [ 12.117583, 44.652435 ], [ 12.117464, 44.652434 ], [ 12.117331, 44.652438 ], [ 12.117239, 44.652437 ], [ 12.117111, 44.652431 ], [ 12.117036, 44.652428 ], [ 12.116853, 44.652417 ], [ 12.116718, 44.652423 ], [ 12.116576, 44.652421 ], [ 12.116506, 44.652417 ], [ 12.116367, 44.65242 ], [ 12.116292, 44.652413 ], [ 12.116154, 44.652407 ], [ 12.116, 44.652398 ], [ 12.115863, 44.652393 ], [ 12.115799, 44.65239 ], [ 12.115729, 44.65239 ], [ 12.115588, 44.652389 ], [ 12.115517, 44.65239 ], [ 12.115446, 44.652383 ], [ 12.115371, 44.652376 ], [ 12.115243, 44.65237 ], [ 12.115125, 44.652379 ], [ 12.114986, 44.652389 ], [ 12.114862, 44.652411 ], [ 12.114744, 44.652428 ], [ 12.114627, 44.652442 ], [ 12.114503, 44.652446 ], [ 12.114386, 44.652451 ], [ 12.114252, 44.652447 ], [ 12.114182, 44.652449 ], [ 12.114072, 44.652455 ], [ 12.114009, 44.652451 ], [ 12.113879, 44.652451 ], [ 12.11381, 44.652452 ], [ 12.113719, 44.652453 ], [ 12.113647, 44.652452 ], [ 12.113561, 44.65245 ], [ 12.113452, 44.652453 ], [ 12.113339, 44.652451 ], [ 12.113251, 44.652454 ], [ 12.113134, 44.652452 ], [ 12.113008, 44.652439 ], [ 12.112934, 44.652435 ], [ 12.112818, 44.652436 ], [ 12.112678, 44.652438 ], [ 12.112614, 44.652441 ], [ 12.112489, 44.652435 ], [ 12.112367, 44.652421 ], [ 12.1123, 44.652425 ], [ 12.112181, 44.652428 ], [ 12.112118, 44.652419 ], [ 12.112053, 44.65242 ], [ 12.11192, 44.652412 ], [ 12.111849, 44.652412 ], [ 12.111782, 44.652416 ], [ 12.111655, 44.652421 ], [ 12.111534, 44.652422 ], [ 12.111466, 44.652423 ], [ 12.111343, 44.652425 ], [ 12.111279, 44.652427 ], [ 12.111162, 44.652415 ], [ 12.111046, 44.652416 ], [ 12.110881, 44.652417 ], [ 12.110814, 44.652417 ], [ 12.11072, 44.652416 ], [ 12.110589, 44.652421 ], [ 12.110521, 44.652417 ], [ 12.110391, 44.652418 ], [ 12.110322, 44.652415 ], [ 12.1102, 44.652414 ], [ 12.110134, 44.652425 ], [ 12.110021, 44.652434 ], [ 12.109904, 44.652444 ], [ 12.109783, 44.652446 ], [ 12.109683, 44.652452 ], [ 12.109563, 44.652456 ], [ 12.109437, 44.652456 ], [ 12.109371, 44.652458 ], [ 12.109268, 44.652461 ], [ 12.109147, 44.652461 ], [ 12.109063, 44.65246 ], [ 12.108983, 44.652461 ], [ 12.108894, 44.652461 ], [ 12.108752, 44.652462 ], [ 12.108619, 44.652461 ], [ 12.108555, 44.652463 ], [ 12.108482, 44.652464 ], [ 12.108411, 44.652464 ], [ 12.108298, 44.652449 ], [ 12.108216, 44.652436 ], [ 12.108106, 44.652442 ], [ 12.107992, 44.652447 ], [ 12.107874, 44.652447 ], [ 12.107754, 44.652451 ], [ 12.10769, 44.652449 ], [ 12.107588, 44.652437 ], [ 12.107513, 44.652427 ], [ 12.107451, 44.652414 ], [ 12.107271, 44.652347 ], [ 12.107169, 44.652304 ], [ 12.107086, 44.652283 ], [ 12.107017, 44.652236 ], [ 12.106978, 44.65219 ], [ 12.106971, 44.652142 ], [ 12.106989, 44.652097 ], [ 12.107024, 44.652059 ], [ 12.107101, 44.652036 ], [ 12.107077, 44.652083 ], [ 12.107079, 44.652129 ], [ 12.107015, 44.652144 ], [ 12.107049, 44.652097 ], [ 12.107101, 44.652068 ], [ 12.107086, 44.652113 ], [ 12.107005, 44.65211 ], [ 12.10697, 44.652159 ], [ 12.106934, 44.6522 ], [ 12.106879, 44.652223 ], [ 12.106802, 44.652227 ], [ 12.10673, 44.652228 ], [ 12.106646, 44.652194 ], [ 12.106617, 44.652135 ], [ 12.106618, 44.652068 ], [ 12.106628, 44.652009 ], [ 12.106632, 44.651953 ], [ 12.106638, 44.651903 ], [ 12.106646, 44.651842 ], [ 12.106663, 44.65178 ], [ 12.106682, 44.651725 ], [ 12.106679, 44.651676 ], [ 12.10668, 44.651628 ], [ 12.106684, 44.651581 ], [ 12.10669, 44.651532 ], [ 12.1067, 44.651487 ], [ 12.106705, 44.65144 ], [ 12.106718, 44.651377 ], [ 12.106724, 44.651322 ], [ 12.106733, 44.651254 ], [ 12.106744, 44.651176 ], [ 12.106754, 44.65109 ], [ 12.106765, 44.650999 ], [ 12.106781, 44.650911 ], [ 12.106795, 44.650867 ], [ 12.106795, 44.65082 ], [ 12.106801, 44.650771 ], [ 12.106806, 44.650721 ], [ 12.106816, 44.650621 ], [ 12.10683, 44.650528 ], [ 12.10685, 44.65044 ], [ 12.106866, 44.650343 ], [ 12.106871, 44.650296 ], [ 12.106893, 44.650203 ], [ 12.106907, 44.650152 ], [ 12.106918, 44.650066 ], [ 12.106925, 44.649975 ], [ 12.106926, 44.649928 ], [ 12.106935, 44.649883 ], [ 12.106942, 44.649837 ], [ 12.106942, 44.649758 ], [ 12.106943, 44.649666 ], [ 12.10695, 44.649619 ], [ 12.106964, 44.649561 ], [ 12.106973, 44.649478 ], [ 12.106992, 44.649427 ], [ 12.107032, 44.649314 ], [ 12.107041, 44.649253 ], [ 12.107074, 44.649147 ], [ 12.107073, 44.649042 ], [ 12.107068, 44.64893 ], [ 12.107068, 44.648882 ], [ 12.107072, 44.648778 ], [ 12.1071, 44.648602 ], [ 12.107134, 44.648507 ], [ 12.107135, 44.648446 ], [ 12.107168, 44.648327 ], [ 12.107176, 44.64827 ], [ 12.107182, 44.648216 ], [ 12.10719, 44.648162 ], [ 12.107187, 44.648104 ], [ 12.107208, 44.647992 ], [ 12.10722, 44.647936 ], [ 12.107244, 44.647824 ], [ 12.107251, 44.647769 ], [ 12.107268, 44.647663 ], [ 12.107282, 44.647558 ], [ 12.107293, 44.647452 ], [ 12.107303, 44.647402 ], [ 12.107313, 44.647346 ], [ 12.107336, 44.647249 ], [ 12.10735, 44.647142 ], [ 12.107361, 44.647088 ], [ 12.107366, 44.646976 ], [ 12.107374, 44.646875 ], [ 12.107379, 44.646815 ], [ 12.107392, 44.646702 ], [ 12.107398, 44.646653 ], [ 12.107407, 44.646587 ], [ 12.107423, 44.646476 ], [ 12.107435, 44.646415 ], [ 12.107476, 44.646295 ], [ 12.107513, 44.646176 ], [ 12.107523, 44.646119 ], [ 12.107528, 44.646023 ], [ 12.10753, 44.645976 ], [ 12.107536, 44.645881 ], [ 12.107551, 44.64577 ], [ 12.107564, 44.64569 ], [ 12.107572, 44.645625 ], [ 12.107581, 44.645562 ], [ 12.107592, 44.64543 ], [ 12.10761, 44.64532 ], [ 12.107616, 44.645267 ], [ 12.107638, 44.645216 ], [ 12.107653, 44.64511 ], [ 12.107667, 44.645002 ], [ 12.107675, 44.64495 ], [ 12.107697, 44.644842 ], [ 12.107721, 44.644738 ], [ 12.107727, 44.644686 ], [ 12.107713, 44.644575 ], [ 12.10777, 44.644453 ], [ 12.107786, 44.644397 ], [ 12.107801, 44.644306 ], [ 12.107808, 44.644196 ], [ 12.107831, 44.644147 ], [ 12.107864, 44.644034 ], [ 12.107958, 44.643984 ], [ 12.107964, 44.64388 ], [ 12.107975, 44.643778 ], [ 12.107981, 44.643721 ], [ 12.107986, 44.643666 ], [ 12.107993, 44.643615 ], [ 12.107973, 44.643508 ], [ 12.107974, 44.643457 ], [ 12.107959, 44.643345 ], [ 12.107951, 44.643291 ], [ 12.107949, 44.643237 ], [ 12.107934, 44.643128 ], [ 12.107919, 44.643075 ], [ 12.107898, 44.643028 ], [ 12.107887, 44.642912 ], [ 12.107883, 44.642862 ], [ 12.107873, 44.642814 ], [ 12.107858, 44.642704 ], [ 12.107836, 44.642602 ], [ 12.107816, 44.642549 ], [ 12.107802, 44.642428 ], [ 12.10778, 44.642376 ], [ 12.107751, 44.642257 ], [ 12.107731, 44.6422 ], [ 12.107703, 44.642146 ], [ 12.107664, 44.642038 ], [ 12.107645, 44.641983 ], [ 12.107606, 44.641875 ], [ 12.107579, 44.641825 ], [ 12.107515, 44.641719 ], [ 12.107487, 44.641669 ], [ 12.107435, 44.641562 ], [ 12.107377, 44.641466 ], [ 12.107323, 44.641364 ], [ 12.107285, 44.641319 ], [ 12.107221, 44.641223 ], [ 12.107196, 44.641172 ], [ 12.107162, 44.641123 ], [ 12.107092, 44.641028 ], [ 12.107055, 44.640978 ], [ 12.107011, 44.640944 ], [ 12.106976, 44.640894 ], [ 12.1069, 44.640781 ], [ 12.106879, 44.640728 ], [ 12.106817, 44.640629 ], [ 12.106748, 44.640541 ], [ 12.106713, 44.640493 ], [ 12.106675, 44.640444 ], [ 12.106604, 44.64035 ], [ 12.106542, 44.640254 ], [ 12.106473, 44.640159 ], [ 12.106409, 44.640067 ], [ 12.106378, 44.640025 ], [ 12.106318, 44.639932 ], [ 12.106281, 44.639888 ], [ 12.10622, 44.639792 ], [ 12.10615, 44.639687 ], [ 12.106084, 44.639583 ], [ 12.106045, 44.639533 ], [ 12.105977, 44.639433 ], [ 12.105944, 44.639386 ], [ 12.105921, 44.639337 ], [ 12.105893, 44.639289 ], [ 12.105853, 44.639241 ], [ 12.10579, 44.639136 ], [ 12.105751, 44.639084 ], [ 12.105672, 44.638978 ], [ 12.105584, 44.638874 ], [ 12.105512, 44.638756 ], [ 12.105443, 44.638648 ], [ 12.105408, 44.638597 ], [ 12.105335, 44.638483 ], [ 12.105301, 44.638434 ], [ 12.105276, 44.638381 ], [ 12.105202, 44.63828 ], [ 12.105129, 44.638177 ], [ 12.105093, 44.638127 ], [ 12.105024, 44.638021 ], [ 12.104963, 44.637925 ], [ 12.104921, 44.637866 ], [ 12.104864, 44.637756 ], [ 12.104837, 44.637708 ], [ 12.104807, 44.637659 ], [ 12.104745, 44.637565 ], [ 12.104718, 44.637518 ], [ 12.104688, 44.637477 ], [ 12.104643, 44.637388 ], [ 12.104637, 44.637343 ], [ 12.104605, 44.637259 ], [ 12.10458, 44.637191 ], [ 12.104539, 44.637114 ], [ 12.104489, 44.63702 ], [ 12.10444, 44.636925 ], [ 12.104408, 44.636867 ], [ 12.104353, 44.636755 ], [ 12.10429, 44.636644 ], [ 12.104263, 44.636581 ], [ 12.104207, 44.636471 ], [ 12.104175, 44.636423 ], [ 12.104124, 44.636335 ], [ 12.104095, 44.636291 ], [ 12.104077, 44.636241 ], [ 12.104027, 44.636144 ], [ 12.103991, 44.636086 ], [ 12.103942, 44.635978 ], [ 12.103874, 44.635866 ], [ 12.103844, 44.635812 ], [ 12.103777, 44.635697 ], [ 12.103751, 44.635643 ], [ 12.103702, 44.635536 ], [ 12.103648, 44.635419 ], [ 12.103573, 44.635295 ], [ 12.103515, 44.635185 ], [ 12.10348, 44.635129 ], [ 12.103449, 44.635075 ], [ 12.103384, 44.634962 ], [ 12.103351, 44.634905 ], [ 12.103303, 44.634801 ], [ 12.103259, 44.634709 ], [ 12.103248, 44.634661 ], [ 12.103188, 44.634561 ], [ 12.103161, 44.634509 ], [ 12.103131, 44.634463 ], [ 12.103091, 44.634359 ], [ 12.103063, 44.634264 ], [ 12.103044, 44.634217 ], [ 12.103009, 44.634143 ], [ 12.102948, 44.634075 ], [ 12.102924, 44.633998 ], [ 12.102891, 44.633917 ], [ 12.102878, 44.633872 ], [ 12.102857, 44.633783 ], [ 12.102828, 44.633702 ], [ 12.102802, 44.633623 ], [ 12.102781, 44.633544 ], [ 12.102757, 44.633463 ], [ 12.102748, 44.633417 ], [ 12.102728, 44.633334 ], [ 12.1027, 44.633246 ], [ 12.102675, 44.633162 ], [ 12.102654, 44.633076 ], [ 12.102638, 44.632993 ], [ 12.102616, 44.632909 ], [ 12.102596, 44.632862 ], [ 12.102574, 44.632776 ], [ 12.102559, 44.63268 ], [ 12.102551, 44.632589 ], [ 12.102543, 44.632496 ], [ 12.102534, 44.632408 ], [ 12.102524, 44.632358 ], [ 12.102516, 44.632256 ], [ 12.102498, 44.632177 ], [ 12.102481, 44.632084 ], [ 12.102461, 44.63201 ], [ 12.102453, 44.631963 ], [ 12.102437, 44.631908 ], [ 12.102401, 44.631839 ], [ 12.102392, 44.631792 ], [ 12.102384, 44.631742 ], [ 12.102365, 44.63166 ], [ 12.102344, 44.631572 ], [ 12.102343, 44.631475 ], [ 12.102325, 44.631382 ], [ 12.10231, 44.631335 ], [ 12.102304, 44.631288 ], [ 12.102286, 44.631192 ], [ 12.102252, 44.631113 ], [ 12.102246, 44.63102 ], [ 12.102239, 44.630957 ], [ 12.102205, 44.630853 ], [ 12.102166, 44.630749 ], [ 12.102143, 44.63065 ], [ 12.102114, 44.630598 ], [ 12.102102, 44.630481 ], [ 12.10209, 44.630392 ], [ 12.102075, 44.630307 ], [ 12.102063, 44.630203 ], [ 12.102053, 44.630105 ], [ 12.102041, 44.629998 ], [ 12.102014, 44.629887 ], [ 12.101985, 44.629778 ], [ 12.10196, 44.629678 ], [ 12.101953, 44.629628 ], [ 12.101927, 44.629533 ], [ 12.10191, 44.629482 ], [ 12.101887, 44.629366 ], [ 12.101863, 44.629254 ], [ 12.101851, 44.629199 ], [ 12.101821, 44.629095 ], [ 12.101805, 44.629035 ], [ 12.101799, 44.628934 ], [ 12.101788, 44.628887 ], [ 12.101792, 44.628829 ], [ 12.101764, 44.62873 ], [ 12.101756, 44.628678 ], [ 12.101742, 44.628622 ], [ 12.101722, 44.628516 ], [ 12.101719, 44.628463 ], [ 12.10169, 44.628358 ], [ 12.101646, 44.628236 ], [ 12.101637, 44.62818 ], [ 12.10165, 44.628125 ], [ 12.101612, 44.628001 ], [ 12.101603, 44.627905 ], [ 12.101574, 44.627818 ], [ 12.101543, 44.627728 ], [ 12.101531, 44.627681 ], [ 12.101534, 44.627631 ], [ 12.101508, 44.62754 ], [ 12.101493, 44.627452 ], [ 12.101496, 44.627346 ], [ 12.101486, 44.627299 ], [ 12.101469, 44.627198 ], [ 12.101437, 44.627095 ], [ 12.101418, 44.627049 ], [ 12.101406, 44.626989 ], [ 12.101382, 44.626906 ], [ 12.101373, 44.626812 ], [ 12.101363, 44.62676 ], [ 12.101347, 44.626705 ], [ 12.101323, 44.626605 ], [ 12.101316, 44.626551 ], [ 12.101305, 44.626495 ], [ 12.101279, 44.626371 ], [ 12.101263, 44.62632 ], [ 12.101241, 44.626223 ], [ 12.101217, 44.626123 ], [ 12.101207, 44.626027 ], [ 12.101194, 44.625928 ], [ 12.101178, 44.62584 ], [ 12.101172, 44.625753 ], [ 12.101158, 44.625663 ], [ 12.101143, 44.625555 ], [ 12.101147, 44.625502 ], [ 12.101149, 44.625409 ], [ 12.101147, 44.625358 ], [ 12.101159, 44.625289 ], [ 12.101163, 44.625241 ], [ 12.10117, 44.625145 ], [ 12.101167, 44.625085 ], [ 12.101188, 44.624992 ], [ 12.101203, 44.624943 ], [ 12.101197, 44.624888 ], [ 12.101196, 44.624776 ], [ 12.101209, 44.624666 ], [ 12.101193, 44.624557 ], [ 12.101183, 44.624504 ], [ 12.101203, 44.624419 ], [ 12.101226, 44.624316 ], [ 12.101238, 44.624212 ], [ 12.101237, 44.624164 ], [ 12.101269, 44.624074 ], [ 12.101264, 44.623997 ], [ 12.101275, 44.623911 ], [ 12.101275, 44.623813 ], [ 12.101297, 44.62373 ], [ 12.101308, 44.623648 ], [ 12.101333, 44.623555 ], [ 12.101338, 44.62347 ], [ 12.101351, 44.623386 ], [ 12.101355, 44.623334 ], [ 12.101369, 44.62325 ], [ 12.10137, 44.6232 ], [ 12.101368, 44.623111 ], [ 12.101368, 44.623025 ], [ 12.101369, 44.622971 ], [ 12.101365, 44.62288 ], [ 12.101357, 44.622779 ], [ 12.101353, 44.622733 ], [ 12.101353, 44.622681 ], [ 12.101343, 44.622594 ], [ 12.10133, 44.6225 ], [ 12.101306, 44.622398 ], [ 12.101306, 44.622342 ], [ 12.101292, 44.622244 ], [ 12.101275, 44.622192 ], [ 12.101258, 44.622146 ], [ 12.101233, 44.622042 ], [ 12.101211, 44.621953 ], [ 12.101178, 44.62186 ], [ 12.101154, 44.621811 ], [ 12.101097, 44.621714 ], [ 12.101075, 44.621667 ], [ 12.101047, 44.621618 ], [ 12.10098, 44.621533 ], [ 12.100956, 44.621491 ], [ 12.100924, 44.621438 ], [ 12.100883, 44.621392 ], [ 12.100846, 44.621352 ], [ 12.10077, 44.621238 ], [ 12.100707, 44.621159 ], [ 12.10063, 44.621081 ], [ 12.100593, 44.621042 ], [ 12.100509, 44.620968 ], [ 12.100468, 44.62093 ], [ 12.100392, 44.620854 ], [ 12.100351, 44.620811 ], [ 12.100305, 44.620775 ], [ 12.10021, 44.620711 ], [ 12.100129, 44.620658 ], [ 12.100044, 44.620607 ], [ 12.099971, 44.620554 ], [ 12.099882, 44.620487 ], [ 12.099795, 44.620423 ], [ 12.099747, 44.620388 ], [ 12.099641, 44.620317 ], [ 12.099591, 44.620282 ], [ 12.099495, 44.620216 ], [ 12.099451, 44.620182 ], [ 12.099365, 44.620125 ], [ 12.099266, 44.620056 ], [ 12.099172, 44.619988 ], [ 12.099087, 44.619928 ], [ 12.099013, 44.619866 ], [ 12.098964, 44.619831 ], [ 12.098866, 44.619755 ], [ 12.098777, 44.619681 ], [ 12.098714, 44.619616 ], [ 12.098676, 44.619575 ], [ 12.098608, 44.619506 ], [ 12.098526, 44.619432 ], [ 12.098484, 44.619393 ], [ 12.098412, 44.619319 ], [ 12.098344, 44.619243 ], [ 12.098293, 44.619173 ], [ 12.098247, 44.61908 ], [ 12.098202, 44.619006 ], [ 12.098153, 44.618928 ], [ 12.098102, 44.618847 ], [ 12.098055, 44.618767 ], [ 12.098038, 44.618717 ], [ 12.098001, 44.618628 ], [ 12.097994, 44.618583 ], [ 12.097957, 44.618496 ], [ 12.097934, 44.618416 ], [ 12.097896, 44.618347 ], [ 12.097901, 44.618297 ], [ 12.09789, 44.618213 ], [ 12.09788, 44.618129 ], [ 12.097876, 44.618035 ], [ 12.097867, 44.617985 ], [ 12.097866, 44.617933 ], [ 12.09786, 44.617887 ], [ 12.097845, 44.617799 ], [ 12.097867, 44.617708 ], [ 12.097879, 44.617663 ], [ 12.097885, 44.617549 ], [ 12.097881, 44.617497 ], [ 12.097897, 44.617388 ], [ 12.097906, 44.617337 ], [ 12.0979, 44.617237 ], [ 12.097892, 44.617145 ], [ 12.097897, 44.617041 ], [ 12.097894, 44.616992 ], [ 12.097889, 44.616904 ], [ 12.097896, 44.616795 ], [ 12.097918, 44.616686 ], [ 12.09792, 44.616577 ], [ 12.097938, 44.616497 ], [ 12.097951, 44.616392 ], [ 12.097946, 44.616341 ], [ 12.097951, 44.616252 ], [ 12.097981, 44.616202 ], [ 12.097974, 44.616116 ], [ 12.097988, 44.616033 ], [ 12.097986, 44.615947 ], [ 12.097992, 44.615867 ], [ 12.097996, 44.615801 ], [ 12.098, 44.615738 ], [ 12.098002, 44.615681 ], [ 12.098005, 44.615632 ], [ 12.098013, 44.615575 ], [ 12.098016, 44.615622 ], [ 12.097982, 44.61567 ], [ 12.097984, 44.615602 ], [ 12.097979, 44.61554 ], [ 12.097973, 44.615468 ], [ 12.097977, 44.6154 ], [ 12.097979, 44.615336 ], [ 12.097978, 44.615255 ], [ 12.097979, 44.615209 ], [ 12.097978, 44.61516 ], [ 12.097983, 44.615094 ], [ 12.097987, 44.615049 ], [ 12.097991, 44.614962 ], [ 12.097989, 44.614907 ], [ 12.098002, 44.614841 ], [ 12.098008, 44.61476 ], [ 12.098005, 44.614673 ], [ 12.098009, 44.614535 ], [ 12.09801, 44.614442 ], [ 12.098014, 44.614396 ], [ 12.098027, 44.614312 ], [ 12.098034, 44.614227 ], [ 12.098045, 44.614145 ], [ 12.098052, 44.614054 ], [ 12.098064, 44.614006 ], [ 12.098068, 44.613901 ], [ 12.09807, 44.613806 ], [ 12.098074, 44.613706 ], [ 12.098081, 44.613612 ], [ 12.098087, 44.613514 ], [ 12.098094, 44.613414 ], [ 12.098097, 44.613314 ], [ 12.098096, 44.613216 ], [ 12.098105, 44.613163 ], [ 12.098117, 44.613057 ], [ 12.098112, 44.612947 ], [ 12.09812, 44.612896 ], [ 12.098137, 44.612771 ], [ 12.098148, 44.612673 ], [ 12.098146, 44.612579 ], [ 12.098159, 44.61249 ], [ 12.098168, 44.612431 ], [ 12.098166, 44.612345 ], [ 12.098165, 44.612251 ], [ 12.098166, 44.612168 ], [ 12.098167, 44.612089 ], [ 12.098165, 44.611995 ], [ 12.098167, 44.611907 ], [ 12.098176, 44.611821 ], [ 12.098183, 44.611742 ], [ 12.098182, 44.611641 ], [ 12.098183, 44.61159 ], [ 12.09818, 44.611503 ], [ 12.098188, 44.611412 ], [ 12.098198, 44.611323 ], [ 12.098212, 44.61124 ], [ 12.098218, 44.611149 ], [ 12.098221, 44.611067 ], [ 12.098206, 44.61097 ], [ 12.098223, 44.610881 ], [ 12.098223, 44.610821 ], [ 12.098222, 44.610769 ], [ 12.098228, 44.610687 ], [ 12.098252, 44.610548 ], [ 12.098254, 44.610444 ], [ 12.098256, 44.610397 ], [ 12.098263, 44.610305 ], [ 12.09827, 44.610258 ], [ 12.098272, 44.610207 ], [ 12.098272, 44.61011 ], [ 12.098271, 44.610064 ], [ 12.098266, 44.60997 ], [ 12.098281, 44.60987 ], [ 12.098292, 44.609778 ], [ 12.098304, 44.609721 ], [ 12.098303, 44.609629 ], [ 12.098291, 44.609532 ], [ 12.098297, 44.609435 ], [ 12.0983, 44.60939 ], [ 12.098315, 44.609295 ], [ 12.098319, 44.609197 ], [ 12.098322, 44.609147 ], [ 12.098328, 44.609098 ], [ 12.098341, 44.608992 ], [ 12.098355, 44.608887 ], [ 12.098353, 44.608841 ], [ 12.098352, 44.608789 ], [ 12.098358, 44.608684 ], [ 12.098363, 44.608584 ], [ 12.098357, 44.608493 ], [ 12.098357, 44.608442 ], [ 12.098354, 44.608323 ], [ 12.09836, 44.608277 ], [ 12.098352, 44.608177 ], [ 12.098359, 44.608127 ], [ 12.098373, 44.608034 ], [ 12.09837, 44.607948 ], [ 12.098377, 44.607862 ], [ 12.098382, 44.607744 ], [ 12.098401, 44.607696 ], [ 12.098402, 44.607608 ], [ 12.098401, 44.607562 ], [ 12.098401, 44.607467 ], [ 12.098396, 44.607419 ], [ 12.098402, 44.607328 ], [ 12.098406, 44.607277 ], [ 12.098398, 44.607194 ], [ 12.098406, 44.60714 ], [ 12.098419, 44.607042 ], [ 12.098419, 44.606966 ], [ 12.09841, 44.606873 ], [ 12.098414, 44.606828 ], [ 12.09844, 44.606743 ], [ 12.098457, 44.606659 ], [ 12.098451, 44.606582 ], [ 12.098463, 44.606493 ], [ 12.098472, 44.606408 ], [ 12.098483, 44.606322 ], [ 12.098487, 44.606276 ], [ 12.098491, 44.606231 ], [ 12.098499, 44.606138 ], [ 12.0985, 44.606044 ], [ 12.098509, 44.605946 ], [ 12.098511, 44.605892 ], [ 12.09851, 44.605843 ], [ 12.098508, 44.60575 ], [ 12.098506, 44.605703 ], [ 12.098514, 44.605611 ], [ 12.098514, 44.605523 ], [ 12.098528, 44.605424 ], [ 12.098546, 44.605318 ], [ 12.09854, 44.60522 ], [ 12.098534, 44.605138 ], [ 12.098559, 44.605093 ], [ 12.098555, 44.605014 ], [ 12.098557, 44.604925 ], [ 12.098543, 44.604867 ], [ 12.09855, 44.604781 ], [ 12.098568, 44.604692 ], [ 12.09857, 44.604609 ], [ 12.098567, 44.604521 ], [ 12.098579, 44.604431 ], [ 12.098608, 44.604384 ], [ 12.098607, 44.60432 ], [ 12.098617, 44.604229 ], [ 12.098633, 44.604134 ], [ 12.098642, 44.60404 ], [ 12.098656, 44.603948 ], [ 12.098667, 44.603861 ], [ 12.098677, 44.603782 ], [ 12.098681, 44.603733 ], [ 12.098687, 44.60364 ], [ 12.098696, 44.603595 ], [ 12.098703, 44.603545 ], [ 12.098723, 44.603453 ], [ 12.098732, 44.603354 ], [ 12.09874, 44.603279 ], [ 12.098727, 44.603214 ], [ 12.098725, 44.603156 ], [ 12.098728, 44.603099 ], [ 12.09877, 44.602962 ], [ 12.098776, 44.602868 ], [ 12.098769, 44.602783 ], [ 12.098794, 44.602688 ], [ 12.098835, 44.602587 ], [ 12.098841, 44.602528 ], [ 12.098847, 44.602471 ], [ 12.098854, 44.602406 ], [ 12.098864, 44.602341 ], [ 12.098881, 44.602202 ], [ 12.098895, 44.602119 ], [ 12.098874, 44.602074 ], [ 12.09886, 44.602017 ], [ 12.098869, 44.601931 ], [ 12.098891, 44.601816 ], [ 12.098906, 44.601752 ], [ 12.09892, 44.601691 ], [ 12.09894, 44.601571 ], [ 12.098949, 44.6015 ], [ 12.098946, 44.601427 ], [ 12.098923, 44.601354 ], [ 12.098893, 44.601262 ], [ 12.09902, 44.601031 ], [ 12.099036, 44.600936 ], [ 12.099055, 44.600843 ], [ 12.099076, 44.600747 ], [ 12.099088, 44.600699 ], [ 12.099098, 44.60065 ], [ 12.099118, 44.600551 ], [ 12.099147, 44.60045 ], [ 12.099166, 44.600401 ], [ 12.099184, 44.600308 ], [ 12.099216, 44.600213 ], [ 12.099259, 44.600132 ], [ 12.099306, 44.60004 ], [ 12.099354, 44.599946 ], [ 12.099387, 44.599854 ], [ 12.099408, 44.599798 ], [ 12.09943, 44.599694 ], [ 12.09946, 44.599602 ], [ 12.099477, 44.599517 ], [ 12.099517, 44.599432 ], [ 12.099539, 44.599341 ], [ 12.099571, 44.599243 ], [ 12.099594, 44.599157 ], [ 12.099641, 44.599062 ], [ 12.099659, 44.598958 ], [ 12.09968, 44.598868 ], [ 12.099703, 44.598773 ], [ 12.099726, 44.598728 ], [ 12.099754, 44.598637 ], [ 12.099776, 44.598585 ], [ 12.099788, 44.59853 ], [ 12.099837, 44.598439 ], [ 12.099846, 44.598385 ], [ 12.099852, 44.598322 ], [ 12.099871, 44.598234 ], [ 12.099888, 44.598179 ], [ 12.099919, 44.598072 ], [ 12.099948, 44.597983 ], [ 12.099953, 44.597885 ], [ 12.09996, 44.597836 ], [ 12.099972, 44.597785 ], [ 12.099975, 44.597739 ], [ 12.099996, 44.597689 ], [ 12.100004, 44.597592 ], [ 12.100022, 44.597498 ], [ 12.100041, 44.597453 ], [ 12.100038, 44.597401 ], [ 12.100052, 44.597299 ], [ 12.100057, 44.597222 ], [ 12.100074, 44.59713 ], [ 12.100077, 44.597045 ], [ 12.100078, 44.596997 ], [ 12.100082, 44.596944 ], [ 12.100083, 44.596891 ], [ 12.100091, 44.596782 ], [ 12.1001, 44.59673 ], [ 12.100117, 44.596625 ], [ 12.100125, 44.596574 ], [ 12.100138, 44.59646 ], [ 12.100143, 44.596406 ], [ 12.100147, 44.596357 ], [ 12.100153, 44.596288 ], [ 12.100175, 44.596222 ], [ 12.100172, 44.596153 ], [ 12.100186, 44.596087 ], [ 12.100192, 44.596035 ], [ 12.100209, 44.595963 ], [ 12.10022, 44.595887 ], [ 12.100228, 44.595803 ], [ 12.100233, 44.595724 ], [ 12.100236, 44.59565 ], [ 12.100241, 44.595574 ], [ 12.100247, 44.595491 ], [ 12.100252, 44.595404 ], [ 12.100253, 44.595359 ], [ 12.100254, 44.595297 ], [ 12.100265, 44.595239 ], [ 12.100281, 44.595177 ], [ 12.10031, 44.595076 ], [ 12.100321, 44.595002 ], [ 12.100323, 44.594913 ], [ 12.100324, 44.59486 ], [ 12.100326, 44.59481 ], [ 12.100331, 44.59474 ], [ 12.100344, 44.594683 ], [ 12.100361, 44.594601 ], [ 12.100366, 44.594553 ], [ 12.100369, 44.594502 ], [ 12.100381, 44.594395 ], [ 12.100391, 44.594341 ], [ 12.100399, 44.594286 ], [ 12.100412, 44.594233 ], [ 12.100426, 44.594184 ], [ 12.10045, 44.594086 ], [ 12.100462, 44.594008 ], [ 12.100469, 44.593959 ], [ 12.100475, 44.593894 ], [ 12.100485, 44.593814 ], [ 12.100499, 44.593725 ], [ 12.100503, 44.59368 ], [ 12.100512, 44.593589 ], [ 12.100525, 44.593503 ], [ 12.100532, 44.593417 ], [ 12.100542, 44.593329 ], [ 12.100558, 44.593222 ], [ 12.100575, 44.593143 ], [ 12.100583, 44.593063 ], [ 12.100587, 44.593015 ], [ 12.10059, 44.592919 ], [ 12.100611, 44.592823 ], [ 12.100624, 44.592725 ], [ 12.100626, 44.592678 ], [ 12.100635, 44.592583 ], [ 12.100657, 44.59253 ], [ 12.10066, 44.592481 ], [ 12.100672, 44.592433 ], [ 12.100672, 44.592332 ], [ 12.100672, 44.592283 ], [ 12.100679, 44.592236 ], [ 12.100689, 44.592136 ], [ 12.100688, 44.592089 ], [ 12.100695, 44.592042 ], [ 12.100705, 44.591936 ], [ 12.100723, 44.591839 ], [ 12.100736, 44.591744 ], [ 12.100756, 44.591642 ], [ 12.100762, 44.591579 ], [ 12.10077, 44.591478 ], [ 12.100807, 44.591382 ], [ 12.100813, 44.591298 ], [ 12.100836, 44.591208 ], [ 12.100848, 44.591161 ], [ 12.100847, 44.591072 ], [ 12.100862, 44.590987 ], [ 12.100878, 44.590916 ], [ 12.100898, 44.590834 ], [ 12.100927, 44.590766 ], [ 12.100956, 44.590689 ], [ 12.100983, 44.590599 ], [ 12.101008, 44.590506 ], [ 12.101024, 44.590461 ], [ 12.10105, 44.590362 ], [ 12.101088, 44.590271 ], [ 12.101131, 44.590174 ], [ 12.101155, 44.590127 ], [ 12.101192, 44.590037 ], [ 12.101237, 44.58995 ], [ 12.101288, 44.589857 ], [ 12.10132, 44.589811 ], [ 12.101355, 44.589769 ], [ 12.101398, 44.58968 ], [ 12.101424, 44.589633 ], [ 12.101481, 44.589542 ], [ 12.1015, 44.589494 ], [ 12.10154, 44.589452 ], [ 12.101606, 44.58936 ], [ 12.10164, 44.589314 ], [ 12.101675, 44.589274 ], [ 12.101727, 44.589174 ], [ 12.101754, 44.589125 ], [ 12.101795, 44.589043 ], [ 12.101821, 44.588999 ], [ 12.101837, 44.588945 ], [ 12.101888, 44.588865 ], [ 12.10194, 44.588774 ], [ 12.101989, 44.58868 ], [ 12.102024, 44.588633 ], [ 12.102079, 44.588542 ], [ 12.102122, 44.588462 ], [ 12.102151, 44.588416 ], [ 12.102211, 44.588332 ], [ 12.102243, 44.58829 ], [ 12.102295, 44.5882 ], [ 12.102345, 44.588108 ], [ 12.102398, 44.588013 ], [ 12.102442, 44.587915 ], [ 12.102463, 44.587865 ], [ 12.102483, 44.587814 ], [ 12.10251, 44.587772 ], [ 12.102558, 44.587669 ], [ 12.102578, 44.58762 ], [ 12.102592, 44.587574 ], [ 12.102639, 44.587477 ], [ 12.102663, 44.587386 ], [ 12.102698, 44.587344 ], [ 12.102719, 44.587231 ], [ 12.10273, 44.587133 ], [ 12.102734, 44.587039 ], [ 12.102754, 44.586939 ], [ 12.102772, 44.586887 ], [ 12.102776, 44.586831 ], [ 12.10278, 44.586711 ], [ 12.102787, 44.586604 ], [ 12.102786, 44.586547 ], [ 12.102785, 44.586444 ], [ 12.102777, 44.586378 ], [ 12.102769, 44.586273 ], [ 12.102768, 44.586176 ], [ 12.102763, 44.586125 ], [ 12.102747, 44.586025 ], [ 12.102748, 44.585976 ], [ 12.102717, 44.585882 ], [ 12.102706, 44.585836 ], [ 12.102678, 44.585749 ], [ 12.102668, 44.585697 ], [ 12.102663, 44.585648 ], [ 12.102625, 44.585553 ], [ 12.102611, 44.585497 ], [ 12.102571, 44.585406 ], [ 12.102559, 44.585352 ], [ 12.102528, 44.585251 ], [ 12.102512, 44.585204 ], [ 12.102475, 44.585113 ], [ 12.102454, 44.585062 ], [ 12.102427, 44.584961 ], [ 12.102417, 44.584903 ], [ 12.102393, 44.584802 ], [ 12.102376, 44.584754 ], [ 12.102371, 44.584649 ], [ 12.102361, 44.58455 ], [ 12.102344, 44.584438 ], [ 12.102343, 44.584327 ], [ 12.102347, 44.584279 ], [ 12.10234, 44.58417 ], [ 12.10234, 44.58407 ], [ 12.10234, 44.583958 ], [ 12.102344, 44.583892 ], [ 12.102351, 44.583776 ], [ 12.10236, 44.583655 ], [ 12.102397, 44.583548 ], [ 12.102414, 44.583487 ], [ 12.10245, 44.583393 ], [ 12.102471, 44.583348 ], [ 12.1025, 44.583249 ], [ 12.102545, 44.583136 ], [ 12.102566, 44.583085 ], [ 12.102611, 44.582973 ], [ 12.102654, 44.582881 ], [ 12.102678, 44.58283 ], [ 12.102721, 44.582739 ], [ 12.102743, 44.582688 ], [ 12.102808, 44.582579 ], [ 12.102833, 44.582523 ], [ 12.102866, 44.582408 ], [ 12.102885, 44.582351 ], [ 12.102905, 44.582298 ], [ 12.10297, 44.582191 ], [ 12.103011, 44.582093 ], [ 12.103064, 44.582004 ], [ 12.103092, 44.581918 ], [ 12.103116, 44.581866 ], [ 12.103151, 44.581772 ], [ 12.103181, 44.581728 ], [ 12.103199, 44.581681 ], [ 12.103251, 44.581586 ], [ 12.10329, 44.581496 ], [ 12.103318, 44.581401 ], [ 12.103355, 44.58131 ], [ 12.103387, 44.581213 ], [ 12.103404, 44.581167 ], [ 12.103427, 44.581122 ], [ 12.103468, 44.581029 ], [ 12.103487, 44.580985 ], [ 12.103495, 44.580939 ], [ 12.103548, 44.580841 ], [ 12.103571, 44.580795 ], [ 12.103608, 44.580696 ], [ 12.103619, 44.580636 ], [ 12.103666, 44.580536 ], [ 12.103715, 44.580434 ], [ 12.103736, 44.580338 ], [ 12.103778, 44.580233 ], [ 12.103801, 44.580175 ], [ 12.103827, 44.580132 ], [ 12.103844, 44.580082 ], [ 12.103897, 44.579983 ], [ 12.103918, 44.579928 ], [ 12.103969, 44.579828 ], [ 12.103996, 44.579731 ], [ 12.104016, 44.579669 ], [ 12.104079, 44.579562 ], [ 12.104105, 44.57951 ], [ 12.104155, 44.57941 ], [ 12.104175, 44.579362 ], [ 12.104226, 44.579261 ], [ 12.104266, 44.579146 ], [ 12.104306, 44.579041 ], [ 12.104326, 44.578982 ], [ 12.10434, 44.578893 ], [ 12.104363, 44.578848 ], [ 12.104369, 44.578798 ], [ 12.104387, 44.578704 ], [ 12.104391, 44.578659 ], [ 12.104404, 44.578609 ], [ 12.104408, 44.578561 ], [ 12.104428, 44.578462 ], [ 12.104449, 44.578357 ], [ 12.104474, 44.578261 ], [ 12.104483, 44.578213 ], [ 12.1045, 44.57816 ], [ 12.104513, 44.57806 ], [ 12.104521, 44.578009 ], [ 12.10454, 44.577906 ], [ 12.104559, 44.577858 ], [ 12.104586, 44.577751 ], [ 12.104605, 44.577643 ], [ 12.10462, 44.577528 ], [ 12.104627, 44.577415 ], [ 12.10462, 44.577282 ], [ 12.104583, 44.577184 ], [ 12.104525, 44.577066 ], [ 12.104503, 44.577012 ], [ 12.104473, 44.57696 ], [ 12.104439, 44.576914 ], [ 12.104374, 44.576815 ], [ 12.104321, 44.576713 ], [ 12.104276, 44.576617 ], [ 12.104249, 44.576574 ], [ 12.104196, 44.576477 ], [ 12.104145, 44.57638 ], [ 12.104113, 44.576334 ], [ 12.104092, 44.57629 ], [ 12.104032, 44.5762 ], [ 12.104014, 44.576144 ], [ 12.103953, 44.576052 ], [ 12.103924, 44.57601 ], [ 12.103892, 44.575963 ], [ 12.103856, 44.575921 ], [ 12.103826, 44.575809 ], [ 12.103767, 44.575716 ], [ 12.103753, 44.575669 ], [ 12.103713, 44.575572 ], [ 12.103672, 44.575486 ], [ 12.103647, 44.575443 ], [ 12.103615, 44.575344 ], [ 12.103572, 44.575268 ], [ 12.103545, 44.575226 ], [ 12.103521, 44.575182 ], [ 12.103471, 44.575107 ], [ 12.103438, 44.575032 ], [ 12.103388, 44.57496 ], [ 12.103341, 44.574873 ], [ 12.103289, 44.5748 ], [ 12.103264, 44.574758 ], [ 12.103228, 44.574672 ], [ 12.10318, 44.574589 ], [ 12.10313, 44.574526 ], [ 12.10308, 44.574445 ], [ 12.103036, 44.574369 ], [ 12.103001, 44.574293 ], [ 12.102956, 44.574207 ], [ 12.102891, 44.57412 ], [ 12.10285, 44.574027 ], [ 12.102785, 44.573936 ], [ 12.102753, 44.573885 ], [ 12.102695, 44.573791 ], [ 12.10264, 44.573695 ], [ 12.102592, 44.573605 ], [ 12.102566, 44.573556 ], [ 12.102538, 44.573509 ], [ 12.102493, 44.573413 ], [ 12.102464, 44.573369 ], [ 12.102408, 44.573284 ], [ 12.102383, 44.573236 ], [ 12.102325, 44.573143 ], [ 12.102297, 44.5731 ], [ 12.102257, 44.573012 ], [ 12.102219, 44.572921 ], [ 12.102198, 44.572871 ], [ 12.102183, 44.572824 ], [ 12.102165, 44.572775 ], [ 12.102152, 44.572729 ], [ 12.102134, 44.572631 ], [ 12.102112, 44.572536 ], [ 12.102099, 44.572488 ], [ 12.102077, 44.572386 ], [ 12.102063, 44.572337 ], [ 12.102036, 44.57224 ], [ 12.102026, 44.572191 ], [ 12.101999, 44.572091 ], [ 12.101987, 44.572043 ], [ 12.101972, 44.571951 ], [ 12.101941, 44.571847 ], [ 12.101926, 44.571799 ], [ 12.101899, 44.571696 ], [ 12.101873, 44.571592 ], [ 12.101856, 44.571538 ], [ 12.101848, 44.571444 ], [ 12.101837, 44.571395 ], [ 12.101834, 44.57135 ], [ 12.101806, 44.571262 ], [ 12.101799, 44.571186 ], [ 12.101789, 44.571141 ], [ 12.101771, 44.571049 ], [ 12.10174, 44.571006 ], [ 12.101717, 44.570913 ], [ 12.101669, 44.570809 ], [ 12.101606, 44.570701 ], [ 12.101564, 44.570654 ], [ 12.101512, 44.57056 ], [ 12.101443, 44.570484 ], [ 12.101413, 44.57044 ], [ 12.101374, 44.570394 ], [ 12.101296, 44.570314 ], [ 12.10127, 44.570271 ], [ 12.101193, 44.570171 ], [ 12.101114, 44.570075 ], [ 12.101068, 44.570042 ], [ 12.101039, 44.569995 ], [ 12.100962, 44.569899 ], [ 12.100885, 44.569797 ], [ 12.100841, 44.569744 ], [ 12.100806, 44.569695 ], [ 12.100729, 44.569602 ], [ 12.100697, 44.569558 ], [ 12.100616, 44.569467 ], [ 12.100572, 44.569424 ], [ 12.10053, 44.569377 ], [ 12.100453, 44.569286 ], [ 12.100424, 44.569246 ], [ 12.100347, 44.569151 ], [ 12.100307, 44.569105 ], [ 12.100219, 44.56902 ], [ 12.100154, 44.568931 ], [ 12.100096, 44.568832 ], [ 12.100057, 44.568792 ], [ 12.100026, 44.568748 ], [ 12.099995, 44.568701 ], [ 12.09991, 44.568607 ], [ 12.099878, 44.568563 ], [ 12.099795, 44.568465 ], [ 12.099761, 44.568415 ], [ 12.099728, 44.568369 ], [ 12.099694, 44.568327 ], [ 12.099614, 44.568225 ], [ 12.099539, 44.568133 ], [ 12.099463, 44.568043 ], [ 12.099398, 44.56795 ], [ 12.099319, 44.567859 ], [ 12.099277, 44.567823 ], [ 12.099239, 44.567746 ], [ 12.099164, 44.567658 ], [ 12.099118, 44.567613 ], [ 12.099032, 44.567512 ], [ 12.098957, 44.567409 ], [ 12.098888, 44.567315 ], [ 12.098815, 44.567209 ], [ 12.098773, 44.567169 ], [ 12.098699, 44.567075 ], [ 12.098621, 44.566986 ], [ 12.098608, 44.566933 ], [ 12.098563, 44.566885 ], [ 12.098491, 44.566781 ], [ 12.098429, 44.566685 ], [ 12.098333, 44.566591 ], [ 12.098248, 44.566507 ], [ 12.098194, 44.566424 ], [ 12.09813, 44.566351 ], [ 12.098059, 44.566282 ], [ 12.098004, 44.566203 ], [ 12.097928, 44.566114 ], [ 12.097863, 44.566025 ], [ 12.097822, 44.565987 ], [ 12.097748, 44.565895 ], [ 12.097673, 44.565808 ], [ 12.097605, 44.56572 ], [ 12.097563, 44.565635 ], [ 12.097499, 44.565565 ], [ 12.097441, 44.565496 ], [ 12.097388, 44.56543 ], [ 12.097354, 44.565387 ], [ 12.097301, 44.565332 ], [ 12.097241, 44.565283 ], [ 12.097191, 44.565228 ], [ 12.097154, 44.56518 ], [ 12.097124, 44.565136 ], [ 12.097088, 44.565092 ], [ 12.097079, 44.565032 ], [ 12.097119, 44.564977 ], [ 12.097178, 44.564951 ], [ 12.097233, 44.564904 ], [ 12.097275, 44.564864 ], [ 12.097322, 44.564814 ], [ 12.097377, 44.564754 ], [ 12.097431, 44.564689 ], [ 12.097488, 44.564622 ], [ 12.097548, 44.564551 ], [ 12.097611, 44.564477 ], [ 12.097671, 44.5644 ], [ 12.097734, 44.564326 ], [ 12.097796, 44.564251 ], [ 12.097887, 44.56418 ], [ 12.097925, 44.564137 ], [ 12.097988, 44.564061 ], [ 12.098033, 44.564007 ], [ 12.098074, 44.563955 ], [ 12.098114, 44.563902 ], [ 12.098183, 44.563807 ], [ 12.098216, 44.563765 ], [ 12.09828, 44.563685 ], [ 12.098355, 44.563591 ], [ 12.098396, 44.563529 ], [ 12.098432, 44.563472 ], [ 12.098481, 44.5634 ], [ 12.098557, 44.563316 ], [ 12.098597, 44.56327 ], [ 12.098678, 44.563166 ], [ 12.098757, 44.563065 ], [ 12.098848, 44.562956 ], [ 12.098931, 44.562853 ], [ 12.098974, 44.562807 ], [ 12.099002, 44.562761 ], [ 12.099073, 44.562684 ], [ 12.099117, 44.562647 ], [ 12.099172, 44.562563 ], [ 12.099231, 44.562484 ], [ 12.09929, 44.562401 ], [ 12.099317, 44.562359 ], [ 12.099367, 44.562286 ], [ 12.099436, 44.562217 ], [ 12.099481, 44.562133 ], [ 12.099519, 44.562095 ], [ 12.099584, 44.562022 ], [ 12.099649, 44.56194 ], [ 12.099712, 44.561863 ], [ 12.099783, 44.561788 ], [ 12.099804, 44.561745 ], [ 12.099855, 44.561674 ], [ 12.099902, 44.561602 ], [ 12.099966, 44.561521 ], [ 12.099999, 44.561479 ], [ 12.100058, 44.561402 ], [ 12.100113, 44.561321 ], [ 12.100171, 44.561239 ], [ 12.100204, 44.561201 ], [ 12.100272, 44.561124 ], [ 12.100322, 44.561045 ], [ 12.100352, 44.561005 ], [ 12.100385, 44.56096 ], [ 12.100426, 44.56092 ], [ 12.100487, 44.560833 ], [ 12.100544, 44.560755 ], [ 12.100576, 44.560716 ], [ 12.100673, 44.560597 ], [ 12.10079, 44.560463 ], [ 12.100883, 44.560367 ], [ 12.100934, 44.560328 ], [ 12.100998, 44.560304 ], [ 12.101075, 44.560277 ], [ 12.101156, 44.560251 ], [ 12.101251, 44.560065 ], [ 12.101319, 44.559991 ], [ 12.101381, 44.559914 ], [ 12.10145, 44.559831 ], [ 12.101507, 44.559754 ], [ 12.101556, 44.559696 ], [ 12.101595, 44.55964 ], [ 12.101666, 44.559537 ], [ 12.101722, 44.559473 ], [ 12.101761, 44.559421 ], [ 12.101799, 44.559374 ], [ 12.10195, 44.559195 ], [ 12.102018, 44.55912 ], [ 12.102056, 44.55908 ], [ 12.102092, 44.559035 ], [ 12.102144, 44.55895 ], [ 12.102208, 44.558875 ], [ 12.102262, 44.558796 ], [ 12.102322, 44.558724 ], [ 12.102388, 44.558679 ], [ 12.102435, 44.558646 ], [ 12.102532, 44.558593 ], [ 12.102672, 44.558538 ], [ 12.102735, 44.558524 ], [ 12.102868, 44.558504 ], [ 12.102977, 44.558503 ], [ 12.103065, 44.558495 ], [ 12.103156, 44.558486 ], [ 12.103268, 44.558474 ], [ 12.103331, 44.558467 ], [ 12.103457, 44.558451 ], [ 12.103572, 44.558438 ], [ 12.103694, 44.558425 ], [ 12.103761, 44.558416 ], [ 12.103901, 44.558392 ], [ 12.104034, 44.558376 ], [ 12.104181, 44.558364 ], [ 12.104263, 44.558361 ], [ 12.10434, 44.55836 ], [ 12.10442, 44.558364 ], [ 12.104499, 44.558363 ], [ 12.104586, 44.558356 ], [ 12.104698, 44.558343 ], [ 12.104761, 44.558333 ], [ 12.104833, 44.558321 ], [ 12.104914, 44.558307 ], [ 12.105097, 44.55827 ], [ 12.105186, 44.558251 ], [ 12.105373, 44.558211 ], [ 12.105464, 44.558193 ], [ 12.105627, 44.558159 ], [ 12.105816, 44.558115 ], [ 12.105965, 44.558082 ], [ 12.106028, 44.558075 ], [ 12.106098, 44.558069 ], [ 12.106164, 44.55806 ], [ 12.106229, 44.558048 ], [ 12.106364, 44.558028 ], [ 12.106491, 44.558006 ], [ 12.106626, 44.557986 ], [ 12.106751, 44.557965 ], [ 12.10688, 44.557946 ], [ 12.106998, 44.557922 ], [ 12.107128, 44.557908 ], [ 12.107264, 44.557887 ], [ 12.107396, 44.55787 ], [ 12.107464, 44.557859 ], [ 12.107595, 44.557834 ], [ 12.107665, 44.557824 ], [ 12.107817, 44.557797 ], [ 12.107941, 44.557773 ], [ 12.108086, 44.557753 ], [ 12.10822, 44.557731 ], [ 12.108283, 44.557723 ], [ 12.108412, 44.557702 ], [ 12.108482, 44.557694 ], [ 12.108628, 44.557684 ], [ 12.108692, 44.557672 ], [ 12.108824, 44.557651 ], [ 12.108893, 44.557642 ], [ 12.109004, 44.557626 ], [ 12.109091, 44.55762 ], [ 12.109157, 44.557616 ], [ 12.109291, 44.557605 ], [ 12.10943, 44.557586 ], [ 12.109576, 44.557562 ], [ 12.109652, 44.557547 ], [ 12.109788, 44.557522 ], [ 12.109942, 44.557495 ], [ 12.110088, 44.557474 ], [ 12.110152, 44.557463 ], [ 12.110219, 44.557463 ], [ 12.110281, 44.557451 ], [ 12.110413, 44.557431 ], [ 12.110536, 44.557418 ], [ 12.110654, 44.557394 ], [ 12.110784, 44.557375 ], [ 12.110919, 44.557353 ], [ 12.111008, 44.557347 ], [ 12.111076, 44.55733 ], [ 12.111196, 44.557313 ], [ 12.111267, 44.557305 ], [ 12.111393, 44.557278 ], [ 12.111465, 44.557271 ], [ 12.1116, 44.557257 ], [ 12.111661, 44.557243 ], [ 12.111793, 44.557236 ], [ 12.111923, 44.557219 ], [ 12.112047, 44.557197 ], [ 12.112175, 44.557183 ], [ 12.112242, 44.557171 ], [ 12.112374, 44.55716 ], [ 12.112438, 44.557147 ], [ 12.112562, 44.557131 ], [ 12.112631, 44.557122 ], [ 12.112702, 44.557108 ], [ 12.112813, 44.557073 ], [ 12.11294, 44.557054 ], [ 12.112999, 44.557035 ], [ 12.113063, 44.557025 ], [ 12.113202, 44.557002 ], [ 12.113272, 44.556991 ], [ 12.113342, 44.55699 ], [ 12.113416, 44.55698 ], [ 12.113481, 44.556972 ], [ 12.113609, 44.556954 ], [ 12.113744, 44.556926 ], [ 12.113824, 44.556917 ], [ 12.113943, 44.556896 ], [ 12.114066, 44.55688 ], [ 12.114135, 44.556874 ], [ 12.114245, 44.556857 ], [ 12.11437, 44.556831 ], [ 12.114438, 44.556822 ], [ 12.114581, 44.556808 ], [ 12.114709, 44.556782 ], [ 12.114775, 44.556779 ], [ 12.114906, 44.556766 ], [ 12.114968, 44.556758 ], [ 12.115115, 44.55674 ], [ 12.115184, 44.556724 ], [ 12.115313, 44.556702 ], [ 12.115428, 44.556678 ], [ 12.115523, 44.556677 ], [ 12.115643, 44.556662 ], [ 12.115709, 44.556639 ], [ 12.11583, 44.556621 ], [ 12.115949, 44.556593 ], [ 12.116023, 44.556587 ], [ 12.116085, 44.556576 ], [ 12.116184, 44.556561 ], [ 12.116257, 44.556552 ], [ 12.116325, 44.556547 ], [ 12.116458, 44.556525 ], [ 12.116537, 44.556518 ], [ 12.116689, 44.556497 ], [ 12.116816, 44.556461 ], [ 12.116969, 44.556441 ], [ 12.117036, 44.556434 ], [ 12.117103, 44.556431 ], [ 12.117164, 44.556413 ], [ 12.117298, 44.556395 ], [ 12.117374, 44.556387 ], [ 12.117522, 44.556361 ], [ 12.117656, 44.556335 ], [ 12.117783, 44.556302 ], [ 12.117858, 44.556291 ], [ 12.118, 44.556272 ], [ 12.118062, 44.556261 ], [ 12.118197, 44.556233 ], [ 12.118268, 44.556225 ], [ 12.118335, 44.556209 ], [ 12.118475, 44.556181 ], [ 12.118538, 44.556159 ], [ 12.118682, 44.556133 ], [ 12.118822, 44.556108 ], [ 12.118955, 44.556092 ], [ 12.119031, 44.556089 ], [ 12.119169, 44.556075 ], [ 12.119235, 44.556067 ], [ 12.119345, 44.556041 ], [ 12.119526, 44.556023 ], [ 12.119677, 44.556016 ], [ 12.119792, 44.555999 ], [ 12.119857, 44.555983 ], [ 12.119921, 44.555953 ], [ 12.120048, 44.555939 ], [ 12.120175, 44.555923 ], [ 12.120301, 44.555904 ], [ 12.120436, 44.555884 ], [ 12.12051, 44.555876 ], [ 12.120651, 44.555865 ], [ 12.120773, 44.555845 ], [ 12.120838, 44.555832 ], [ 12.120967, 44.55581 ], [ 12.121037, 44.555799 ], [ 12.121167, 44.555775 ], [ 12.1213, 44.555749 ], [ 12.121429, 44.555735 ], [ 12.121519, 44.55572 ], [ 12.12163, 44.555701 ], [ 12.121697, 44.555693 ], [ 12.12177, 44.555691 ], [ 12.121938, 44.555672 ], [ 12.121997, 44.55565 ], [ 12.122066, 44.555643 ], [ 12.122206, 44.55563 ], [ 12.122281, 44.555626 ], [ 12.122346, 44.555613 ], [ 12.122486, 44.555595 ], [ 12.12255, 44.555577 ], [ 12.122682, 44.555559 ], [ 12.122804, 44.555544 ], [ 12.12293, 44.555521 ], [ 12.123051, 44.555499 ], [ 12.123167, 44.555486 ], [ 12.123288, 44.555474 ], [ 12.123403, 44.555436 ], [ 12.123466, 44.555431 ], [ 12.123611, 44.555431 ], [ 12.123679, 44.555419 ], [ 12.123804, 44.555402 ], [ 12.123869, 44.555403 ], [ 12.123939, 44.555389 ], [ 12.124135, 44.555351 ], [ 12.124246, 44.555335 ], [ 12.124349, 44.555322 ], [ 12.12451, 44.555301 ], [ 12.124583, 44.555291 ], [ 12.124662, 44.555272 ], [ 12.124741, 44.555256 ], [ 12.124845, 44.555238 ], [ 12.124985, 44.555216 ], [ 12.125137, 44.555193 ], [ 12.125284, 44.555168 ], [ 12.125347, 44.555158 ], [ 12.12548, 44.555124 ], [ 12.125638, 44.555101 ], [ 12.125709, 44.555089 ], [ 12.125837, 44.555065 ], [ 12.125958, 44.555051 ], [ 12.126048, 44.555039 ], [ 12.126215, 44.555025 ], [ 12.126305, 44.555008 ], [ 12.126412, 44.554993 ], [ 12.126536, 44.554979 ], [ 12.126642, 44.554959 ], [ 12.126755, 44.554947 ], [ 12.126828, 44.554934 ], [ 12.126984, 44.554909 ], [ 12.12711, 44.554887 ], [ 12.127225, 44.554865 ], [ 12.127363, 44.554852 ], [ 12.127491, 44.554829 ], [ 12.127607, 44.554806 ], [ 12.12773, 44.554781 ], [ 12.127799, 44.554774 ], [ 12.127862, 44.554762 ], [ 12.12801, 44.554742 ], [ 12.128083, 44.554735 ], [ 12.128243, 44.554726 ], [ 12.128385, 44.554704 ], [ 12.128449, 44.554693 ], [ 12.128602, 44.554679 ], [ 12.128765, 44.554669 ], [ 12.128829, 44.554663 ], [ 12.128959, 44.554651 ], [ 12.129022, 44.554642 ], [ 12.129173, 44.55462 ], [ 12.12931, 44.554599 ], [ 12.129372, 44.554588 ], [ 12.129511, 44.554572 ], [ 12.12958, 44.554562 ], [ 12.129709, 44.554542 ], [ 12.129794, 44.554551 ], [ 12.129864, 44.554533 ], [ 12.130009, 44.554512 ], [ 12.130145, 44.554485 ], [ 12.130251, 44.554461 ], [ 12.130315, 44.554461 ], [ 12.130381, 44.554441 ], [ 12.130448, 44.554425 ], [ 12.130587, 44.554406 ], [ 12.130656, 44.554398 ], [ 12.13072, 44.554394 ], [ 12.130862, 44.55437 ], [ 12.130938, 44.554363 ], [ 12.131087, 44.554335 ], [ 12.131238, 44.554309 ], [ 12.131312, 44.554295 ], [ 12.13146, 44.554276 ], [ 12.1316, 44.554261 ], [ 12.131663, 44.554248 ], [ 12.131727, 44.554236 ], [ 12.131866, 44.554222 ], [ 12.132024, 44.554197 ], [ 12.132101, 44.554183 ], [ 12.13224, 44.554156 ], [ 12.132311, 44.554148 ], [ 12.132466, 44.554131 ], [ 12.132618, 44.554115 ], [ 12.132693, 44.554105 ], [ 12.132844, 44.554076 ], [ 12.132917, 44.554065 ], [ 12.133055, 44.554043 ], [ 12.133173, 44.554016 ], [ 12.133249, 44.553999 ], [ 12.133335, 44.553946 ], [ 12.133379, 44.553901 ], [ 12.133435, 44.553808 ], [ 12.133431, 44.553714 ], [ 12.133431, 44.553615 ], [ 12.133433, 44.553514 ], [ 12.133438, 44.553384 ], [ 12.133436, 44.553304 ], [ 12.133426, 44.553218 ], [ 12.133439, 44.55314 ], [ 12.133437, 44.553057 ], [ 12.133431, 44.55301 ], [ 12.133424, 44.55292 ], [ 12.13343, 44.552873 ], [ 12.133427, 44.552777 ], [ 12.133421, 44.552688 ], [ 12.133425, 44.552627 ], [ 12.133415, 44.552514 ], [ 12.133414, 44.552298 ], [ 12.133419, 44.552204 ], [ 12.133414, 44.552116 ], [ 12.133413, 44.55203 ], [ 12.133416, 44.551934 ], [ 12.133419, 44.551886 ], [ 12.133425, 44.551805 ], [ 12.133425, 44.551753 ], [ 12.133401, 44.551659 ], [ 12.133411, 44.551587 ], [ 12.133415, 44.551512 ], [ 12.13342, 44.551447 ], [ 12.133427, 44.551377 ], [ 12.133427, 44.551318 ], [ 12.133431, 44.551258 ], [ 12.133426, 44.551202 ], [ 12.133416, 44.551155 ], [ 12.1334, 44.55111 ], [ 12.133596, 44.55084 ], [ 12.133617, 44.550787 ], [ 12.133639, 44.550734 ], [ 12.133657, 44.550686 ], [ 12.133686, 44.550625 ], [ 12.133714, 44.550583 ], [ 12.133755, 44.550534 ], [ 12.133798, 44.550478 ], [ 12.133846, 44.55041 ], [ 12.133906, 44.550348 ], [ 12.133975, 44.550289 ], [ 12.134043, 44.550226 ], [ 12.134116, 44.550174 ], [ 12.13419, 44.550126 ], [ 12.134264, 44.550075 ], [ 12.134341, 44.550027 ], [ 12.134428, 44.549978 ], [ 12.134528, 44.549911 ], [ 12.134585, 44.549877 ], [ 12.134636, 44.549847 ], [ 12.134753, 44.549806 ], [ 12.134838, 44.549764 ], [ 12.134913, 44.549736 ], [ 12.135, 44.549717 ], [ 12.135082, 44.549705 ], [ 12.135171, 44.549708 ], [ 12.135275, 44.549707 ], [ 12.13537, 44.549714 ], [ 12.135462, 44.549735 ], [ 12.13555, 44.549761 ], [ 12.13564, 44.549789 ], [ 12.135722, 44.549825 ], [ 12.135802, 44.549869 ], [ 12.135884, 44.549908 ], [ 12.135955, 44.549942 ], [ 12.136045, 44.549978 ], [ 12.136117, 44.550011 ], [ 12.136184, 44.550042 ], [ 12.136277, 44.550087 ], [ 12.136352, 44.550121 ], [ 12.13642, 44.55015 ], [ 12.136495, 44.550181 ], [ 12.136577, 44.550212 ], [ 12.136665, 44.550251 ], [ 12.136734, 44.550287 ], [ 12.136797, 44.550323 ], [ 12.136853, 44.550359 ], [ 12.136911, 44.550395 ], [ 12.136968, 44.550438 ], [ 12.137023, 44.550475 ], [ 12.137069, 44.55052 ], [ 12.137132, 44.550562 ], [ 12.13719, 44.550606 ], [ 12.13726, 44.550661 ], [ 12.137316, 44.550729 ], [ 12.137449, 44.550804 ], [ 12.137523, 44.55085 ], [ 12.137598, 44.550904 ], [ 12.137677, 44.550959 ], [ 12.137773, 44.551014 ], [ 12.137858, 44.551065 ], [ 12.137947, 44.551117 ], [ 12.138041, 44.551168 ], [ 12.138115, 44.551208 ], [ 12.138174, 44.551239 ], [ 12.138285, 44.551293 ], [ 12.13844, 44.551368 ], [ 12.138517, 44.551405 ], [ 12.138577, 44.551424 ], [ 12.138647, 44.551451 ], [ 12.138734, 44.551485 ], [ 12.138833, 44.55152 ], [ 12.138935, 44.551554 ], [ 12.13905, 44.551593 ], [ 12.139174, 44.551631 ], [ 12.139297, 44.551671 ], [ 12.139363, 44.551695 ], [ 12.13943, 44.551718 ], [ 12.139499, 44.551741 ], [ 12.13961, 44.551787 ], [ 12.139718, 44.551825 ], [ 12.13981, 44.551858 ], [ 12.139981, 44.551879 ], [ 12.14009, 44.551893 ], [ 12.140196, 44.551914 ], [ 12.140297, 44.551931 ], [ 12.14041, 44.551943 ], [ 12.140513, 44.551961 ], [ 12.140612, 44.551971 ], [ 12.140705, 44.55198 ], [ 12.140809, 44.551989 ], [ 12.140904, 44.552 ], [ 12.141018, 44.552009 ], [ 12.141122, 44.552021 ], [ 12.141216, 44.55203 ], [ 12.141302, 44.552038 ], [ 12.141383, 44.552045 ], [ 12.141458, 44.552044 ], [ 12.141523, 44.552055 ], [ 12.141591, 44.552064 ], [ 12.141664, 44.55206 ], [ 12.141747, 44.552062 ], [ 12.141839, 44.552065 ], [ 12.141938, 44.552061 ], [ 12.142041, 44.552053 ], [ 12.142139, 44.552045 ], [ 12.142228, 44.552039 ], [ 12.142315, 44.552027 ], [ 12.142402, 44.552014 ], [ 12.142491, 44.552002 ], [ 12.142582, 44.551988 ], [ 12.142676, 44.551969 ], [ 12.142782, 44.551953 ], [ 12.142895, 44.55194 ], [ 12.143007, 44.551915 ], [ 12.14311, 44.551889 ], [ 12.143204, 44.55186 ], [ 12.143281, 44.551837 ], [ 12.143358, 44.551819 ], [ 12.143424, 44.551805 ], [ 12.143511, 44.551779 ], [ 12.143573, 44.551761 ], [ 12.143639, 44.551739 ], [ 12.143709, 44.551715 ], [ 12.143781, 44.551684 ], [ 12.143852, 44.551646 ], [ 12.143932, 44.551616 ], [ 12.14401, 44.551586 ], [ 12.144071, 44.551556 ], [ 12.144123, 44.551525 ], [ 12.144184, 44.551496 ], [ 12.144256, 44.551455 ], [ 12.144338, 44.551412 ], [ 12.14442, 44.551358 ], [ 12.144483, 44.55132 ], [ 12.144562, 44.551281 ], [ 12.144616, 44.551253 ], [ 12.144666, 44.551225 ], [ 12.144715, 44.551196 ], [ 12.144769, 44.551161 ], [ 12.144823, 44.551124 ], [ 12.144925, 44.551052 ], [ 12.144986, 44.551009 ], [ 12.145032, 44.550976 ], [ 12.145083, 44.550934 ], [ 12.145179, 44.550854 ], [ 12.145294, 44.550764 ], [ 12.145366, 44.550712 ], [ 12.145447, 44.550647 ], [ 12.145488, 44.550608 ], [ 12.145561, 44.550538 ], [ 12.145597, 44.550498 ], [ 12.145636, 44.550454 ], [ 12.145698, 44.550405 ], [ 12.145762, 44.550343 ], [ 12.145826, 44.550273 ], [ 12.145884, 44.550206 ], [ 12.145936, 44.550142 ], [ 12.145988, 44.550077 ], [ 12.146048, 44.550008 ], [ 12.146108, 44.549926 ], [ 12.146176, 44.549846 ], [ 12.146244, 44.549773 ], [ 12.146282, 44.549731 ], [ 12.146339, 44.549658 ], [ 12.146392, 44.549582 ], [ 12.146448, 44.549507 ], [ 12.146489, 44.549468 ], [ 12.146565, 44.549388 ], [ 12.146607, 44.549346 ], [ 12.146675, 44.549268 ], [ 12.146751, 44.549168 ], [ 12.146798, 44.549125 ], [ 12.146879, 44.549042 ], [ 12.14696, 44.548966 ], [ 12.147009, 44.548932 ], [ 12.147052, 44.548893 ], [ 12.14714, 44.548811 ], [ 12.147187, 44.548773 ], [ 12.147277, 44.548707 ], [ 12.147369, 44.548639 ], [ 12.147407, 44.548598 ], [ 12.147455, 44.548566 ], [ 12.147545, 44.548523 ], [ 12.147686, 44.548485 ], [ 12.147764, 44.548486 ], [ 12.147907, 44.548488 ], [ 12.147972, 44.548496 ], [ 12.148091, 44.548516 ], [ 12.148198, 44.548521 ], [ 12.148302, 44.548534 ], [ 12.148409, 44.548549 ], [ 12.148477, 44.548559 ], [ 12.148599, 44.548573 ], [ 12.148663, 44.548582 ], [ 12.148793, 44.548604 ], [ 12.148921, 44.548619 ], [ 12.149052, 44.548635 ], [ 12.149129, 44.54864 ], [ 12.149201, 44.54865 ], [ 12.149267, 44.548653 ], [ 12.149337, 44.548677 ], [ 12.149439, 44.548661 ], [ 12.149504, 44.548661 ], [ 12.149633, 44.548668 ], [ 12.149731, 44.548681 ], [ 12.149898, 44.548723 ], [ 12.150014, 44.548746 ], [ 12.150124, 44.548761 ], [ 12.150247, 44.548771 ], [ 12.150369, 44.548797 ], [ 12.150471, 44.548809 ], [ 12.150592, 44.548824 ], [ 12.150707, 44.548843 ], [ 12.150827, 44.548861 ], [ 12.150914, 44.548878 ], [ 12.151029, 44.548897 ], [ 12.151181, 44.548916 ], [ 12.151252, 44.548927 ], [ 12.151401, 44.548945 ], [ 12.151466, 44.548943 ], [ 12.151538, 44.548958 ], [ 12.151635, 44.548969 ], [ 12.151722, 44.548978 ], [ 12.151805, 44.548989 ], [ 12.151903, 44.549 ], [ 12.152011, 44.549011 ], [ 12.152191, 44.549041 ], [ 12.152271, 44.549046 ], [ 12.152385, 44.549058 ], [ 12.152502, 44.549071 ], [ 12.15262, 44.549085 ], [ 12.152707, 44.549092 ], [ 12.152791, 44.549101 ], [ 12.152862, 44.549107 ], [ 12.152926, 44.549113 ], [ 12.153047, 44.549133 ], [ 12.153175, 44.549151 ], [ 12.153266, 44.549161 ], [ 12.153336, 44.549169 ], [ 12.153411, 44.549178 ], [ 12.153518, 44.549191 ], [ 12.153637, 44.549207 ], [ 12.153766, 44.549223 ], [ 12.153835, 44.549231 ], [ 12.153903, 44.549239 ], [ 12.154035, 44.549253 ], [ 12.15416, 44.549263 ], [ 12.154242, 44.549273 ], [ 12.154437, 44.549287 ], [ 12.154551, 44.549294 ], [ 12.154641, 44.549298 ], [ 12.154759, 44.549309 ], [ 12.154865, 44.549319 ], [ 12.154971, 44.549327 ], [ 12.15507, 44.549338 ], [ 12.155174, 44.54936 ], [ 12.155272, 44.549381 ], [ 12.155365, 44.549398 ], [ 12.155448, 44.549412 ], [ 12.15555, 44.549424 ], [ 12.155654, 44.549438 ], [ 12.155758, 44.549454 ], [ 12.155861, 44.549468 ], [ 12.155962, 44.549477 ], [ 12.156066, 44.549484 ], [ 12.156172, 44.54949 ], [ 12.156277, 44.549495 ], [ 12.156378, 44.5495 ], [ 12.156482, 44.549506 ], [ 12.156586, 44.54951 ], [ 12.156688, 44.549517 ], [ 12.15679, 44.549524 ], [ 12.156888, 44.54953 ], [ 12.156988, 44.549537 ], [ 12.157082, 44.549544 ], [ 12.157172, 44.549554 ], [ 12.15726, 44.549564 ], [ 12.15735, 44.549569 ], [ 12.157442, 44.549573 ], [ 12.157535, 44.549578 ], [ 12.157627, 44.549582 ], [ 12.157721, 44.549585 ], [ 12.157806, 44.549584 ], [ 12.157897, 44.549574 ], [ 12.157984, 44.549602 ], [ 12.158059, 44.549614 ], [ 12.158147, 44.549619 ], [ 12.158239, 44.549627 ], [ 12.15833, 44.549631 ], [ 12.158422, 44.549635 ], [ 12.158514, 44.549644 ], [ 12.158608, 44.549651 ], [ 12.158701, 44.549657 ], [ 12.158797, 44.549667 ], [ 12.158894, 44.549679 ], [ 12.158984, 44.549687 ], [ 12.159081, 44.549693 ], [ 12.159177, 44.549704 ], [ 12.159264, 44.549716 ], [ 12.159355, 44.549725 ], [ 12.159448, 44.549734 ], [ 12.159552, 44.549742 ], [ 12.159652, 44.549753 ], [ 12.159746, 44.549756 ], [ 12.159844, 44.549762 ], [ 12.159945, 44.549774 ], [ 12.160053, 44.549783 ], [ 12.160154, 44.549792 ], [ 12.160251, 44.549797 ], [ 12.160352, 44.549805 ], [ 12.160457, 44.549817 ], [ 12.160555, 44.549824 ], [ 12.160651, 44.54983 ], [ 12.160745, 44.54984 ], [ 12.160839, 44.54985 ], [ 12.16093, 44.549864 ], [ 12.161029, 44.549878 ], [ 12.161131, 44.549888 ], [ 12.161238, 44.549898 ], [ 12.161342, 44.549908 ], [ 12.161456, 44.549921 ], [ 12.161574, 44.549936 ], [ 12.161673, 44.549946 ], [ 12.161759, 44.549959 ], [ 12.161857, 44.549968 ], [ 12.161965, 44.549976 ], [ 12.16205, 44.549981 ], [ 12.162129, 44.549984 ], [ 12.162213, 44.549987 ], [ 12.162298, 44.549995 ], [ 12.162387, 44.549998 ], [ 12.162477, 44.549999 ], [ 12.162581, 44.550004 ], [ 12.162677, 44.550008 ], [ 12.162766, 44.550018 ], [ 12.16286, 44.550026 ], [ 12.162949, 44.550032 ], [ 12.163043, 44.550043 ], [ 12.163123, 44.550054 ], [ 12.163206, 44.550065 ], [ 12.163296, 44.550079 ], [ 12.163394, 44.550087 ], [ 12.163478, 44.550089 ], [ 12.16358, 44.550104 ], [ 12.163656, 44.550114 ], [ 12.163726, 44.550123 ], [ 12.163837, 44.55014 ], [ 12.163929, 44.550158 ], [ 12.163999, 44.550166 ], [ 12.164083, 44.550173 ], [ 12.164162, 44.550185 ], [ 12.164243, 44.550199 ], [ 12.164331, 44.550213 ], [ 12.164415, 44.550229 ], [ 12.164494, 44.550243 ], [ 12.164572, 44.550252 ], [ 12.164643, 44.550262 ], [ 12.164718, 44.550274 ], [ 12.164781, 44.550281 ], [ 12.16487, 44.550292 ], [ 12.164947, 44.550302 ], [ 12.165046, 44.55031 ], [ 12.165154, 44.550315 ], [ 12.165258, 44.55032 ], [ 12.165375, 44.550327 ], [ 12.16548, 44.55034 ], [ 12.16557, 44.55035 ], [ 12.165658, 44.550363 ], [ 12.165748, 44.550376 ], [ 12.165843, 44.550385 ], [ 12.165935, 44.550394 ], [ 12.166021, 44.550404 ], [ 12.166094, 44.550406 ], [ 12.166175, 44.550419 ], [ 12.166247, 44.550424 ], [ 12.166338, 44.550432 ], [ 12.166418, 44.55044 ], [ 12.166507, 44.550452 ], [ 12.166593, 44.550465 ], [ 12.166699, 44.550476 ], [ 12.1668, 44.55048 ], [ 12.166904, 44.550489 ], [ 12.166999, 44.550501 ], [ 12.167101, 44.550511 ], [ 12.167197, 44.550517 ], [ 12.167288, 44.550525 ], [ 12.167383, 44.550536 ], [ 12.167478, 44.550549 ], [ 12.167576, 44.550557 ], [ 12.167686, 44.550564 ], [ 12.167805, 44.550575 ], [ 12.167927, 44.550585 ], [ 12.167994, 44.550577 ], [ 12.16806, 44.55058 ], [ 12.168197, 44.550596 ], [ 12.168327, 44.550614 ], [ 12.168472, 44.55063 ], [ 12.168615, 44.550634 ], [ 12.16869, 44.550641 ], [ 12.168805, 44.550661 ], [ 12.168933, 44.55067 ], [ 12.168995, 44.55068 ], [ 12.169058, 44.550686 ], [ 12.169194, 44.550701 ], [ 12.169315, 44.55071 ], [ 12.169437, 44.550723 ], [ 12.16957, 44.550734 ], [ 12.169744, 44.550751 ], [ 12.16987, 44.550776 ], [ 12.169991, 44.550789 ], [ 12.1701, 44.550804 ], [ 12.17017, 44.5508 ], [ 12.170236, 44.550809 ], [ 12.170355, 44.550827 ], [ 12.170477, 44.550843 ], [ 12.170589, 44.550852 ], [ 12.170705, 44.550867 ], [ 12.170768, 44.550888 ], [ 12.170903, 44.550912 ], [ 12.170965, 44.550924 ], [ 12.171113, 44.550945 ], [ 12.171235, 44.550947 ], [ 12.171298, 44.550961 ], [ 12.171412, 44.550972 ], [ 12.171532, 44.55098 ], [ 12.17163, 44.550971 ], [ 12.171743, 44.55097 ], [ 12.171806, 44.550982 ], [ 12.17192, 44.550993 ], [ 12.172023, 44.551001 ], [ 12.172132, 44.55101 ], [ 12.172248, 44.551025 ], [ 12.17236, 44.551038 ], [ 12.172469, 44.551051 ], [ 12.172586, 44.551065 ], [ 12.1727, 44.551074 ], [ 12.17281, 44.551085 ], [ 12.172925, 44.551093 ], [ 12.173042, 44.551101 ], [ 12.173161, 44.551113 ], [ 12.173289, 44.551127 ], [ 12.173357, 44.551134 ], [ 12.173429, 44.551138 ], [ 12.173609, 44.551153 ], [ 12.173709, 44.551163 ], [ 12.173848, 44.551175 ], [ 12.173923, 44.551177 ], [ 12.174031, 44.551184 ], [ 12.17413, 44.551193 ], [ 12.174232, 44.551202 ], [ 12.174334, 44.551212 ], [ 12.174444, 44.551222 ], [ 12.174554, 44.55123 ], [ 12.174677, 44.551237 ], [ 12.174798, 44.551247 ], [ 12.1749, 44.551255 ], [ 12.174976, 44.55126 ], [ 12.175045, 44.551264 ], [ 12.175138, 44.551268 ], [ 12.17531, 44.551289 ], [ 12.175442, 44.551301 ], [ 12.175567, 44.551314 ], [ 12.175681, 44.551322 ], [ 12.175788, 44.551332 ], [ 12.175863, 44.551338 ], [ 12.175935, 44.551344 ], [ 12.176003, 44.551351 ], [ 12.176133, 44.55136 ], [ 12.176242, 44.551364 ], [ 12.176347, 44.551368 ], [ 12.176483, 44.551382 ], [ 12.176553, 44.551391 ], [ 12.176629, 44.551399 ], [ 12.176699, 44.551411 ], [ 12.17677, 44.551422 ], [ 12.176901, 44.551435 ], [ 12.177023, 44.551442 ], [ 12.177118, 44.551445 ], [ 12.177181, 44.55145 ], [ 12.177247, 44.551454 ], [ 12.177327, 44.551461 ], [ 12.177517, 44.551484 ], [ 12.177603, 44.551492 ], [ 12.177776, 44.55151 ], [ 12.177858, 44.551524 ], [ 12.178032, 44.551529 ], [ 12.178121, 44.551532 ], [ 12.178259, 44.551558 ], [ 12.17834, 44.551568 ], [ 12.178454, 44.551579 ], [ 12.178542, 44.551592 ], [ 12.178642, 44.55161 ], [ 12.178748, 44.551617 ], [ 12.178848, 44.551638 ], [ 12.178958, 44.55166 ], [ 12.17908, 44.551681 ], [ 12.179203, 44.551707 ], [ 12.179322, 44.551725 ], [ 12.179527, 44.551739 ], [ 12.179659, 44.551751 ], [ 12.179723, 44.551759 ], [ 12.179852, 44.551767 ], [ 12.179962, 44.551782 ], [ 12.180068, 44.551797 ], [ 12.180175, 44.551815 ], [ 12.180287, 44.551823 ], [ 12.180398, 44.551835 ], [ 12.180498, 44.551841 ], [ 12.180589, 44.551848 ], [ 12.180675, 44.551861 ], [ 12.180831, 44.55188 ], [ 12.180905, 44.551888 ], [ 12.181018, 44.551903 ], [ 12.181151, 44.551916 ], [ 12.181239, 44.551921 ], [ 12.181312, 44.551925 ], [ 12.181389, 44.55193 ], [ 12.181592, 44.551944 ], [ 12.181814, 44.55196 ], [ 12.181945, 44.551977 ], [ 12.182065, 44.551984 ], [ 12.182237, 44.552003 ], [ 12.182377, 44.552016 ], [ 12.182442, 44.552025 ], [ 12.182578, 44.552043 ], [ 12.182649, 44.55205 ], [ 12.182791, 44.552071 ], [ 12.18287, 44.55208 ], [ 12.183019, 44.552093 ], [ 12.183091, 44.552101 ], [ 12.183228, 44.552115 ], [ 12.183293, 44.552121 ], [ 12.183418, 44.552135 ], [ 12.18358, 44.552141 ], [ 12.183709, 44.552154 ], [ 12.183868, 44.552179 ], [ 12.183933, 44.552192 ], [ 12.184044, 44.552197 ], [ 12.184151, 44.552217 ], [ 12.184251, 44.552229 ], [ 12.184356, 44.552239 ], [ 12.184469, 44.552254 ], [ 12.18458, 44.55228 ], [ 12.18469, 44.552294 ], [ 12.1848, 44.552306 ], [ 12.184905, 44.552316 ], [ 12.185002, 44.55235 ], [ 12.185107, 44.552358 ], [ 12.18529, 44.552374 ], [ 12.185365, 44.552385 ], [ 12.185454, 44.552392 ], [ 12.185578, 44.552412 ], [ 12.185728, 44.552424 ], [ 12.185885, 44.552439 ], [ 12.185957, 44.552457 ], [ 12.186033, 44.552478 ], [ 12.186189, 44.552512 ], [ 12.186331, 44.552538 ], [ 12.186451, 44.552556 ], [ 12.186555, 44.552571 ], [ 12.186675, 44.552591 ], [ 12.18674, 44.552602 ], [ 12.186822, 44.552619 ], [ 12.186887, 44.552631 ], [ 12.186983, 44.552631 ], [ 12.187105, 44.552639 ], [ 12.187226, 44.552658 ], [ 12.187324, 44.552683 ], [ 12.187448, 44.552709 ], [ 12.187539, 44.552727 ], [ 12.18764, 44.552743 ], [ 12.187729, 44.552763 ], [ 12.187828, 44.552788 ], [ 12.187927, 44.552817 ], [ 12.188028, 44.552845 ], [ 12.188127, 44.552875 ], [ 12.188238, 44.552908 ], [ 12.18836, 44.552951 ], [ 12.188465, 44.552983 ], [ 12.188573, 44.553017 ], [ 12.188685, 44.553052 ], [ 12.188777, 44.553083 ], [ 12.188876, 44.553111 ], [ 12.188976, 44.553143 ], [ 12.189048, 44.553164 ], [ 12.189161, 44.553198 ], [ 12.18927, 44.55323 ], [ 12.189369, 44.553252 ], [ 12.189473, 44.553283 ], [ 12.189572, 44.553311 ], [ 12.18971, 44.553349 ], [ 12.189817, 44.553378 ], [ 12.189928, 44.553413 ], [ 12.18999, 44.553426 ], [ 12.190086, 44.553453 ], [ 12.190186, 44.553473 ], [ 12.190294, 44.553495 ], [ 12.190428, 44.55353 ], [ 12.190542, 44.553562 ], [ 12.190658, 44.553587 ], [ 12.190747, 44.55361 ], [ 12.190819, 44.553628 ], [ 12.190883, 44.553644 ], [ 12.190994, 44.553676 ], [ 12.191109, 44.553703 ], [ 12.191214, 44.553739 ], [ 12.1913, 44.553762 ], [ 12.191438, 44.553801 ], [ 12.191585, 44.553842 ], [ 12.191669, 44.553862 ], [ 12.191773, 44.553891 ], [ 12.191832, 44.553909 ], [ 12.191962, 44.553939 ], [ 12.1921, 44.553983 ], [ 12.192208, 44.554039 ], [ 12.192269, 44.554056 ], [ 12.192395, 44.554091 ], [ 12.192504, 44.554126 ], [ 12.192616, 44.554166 ], [ 12.192733, 44.554203 ], [ 12.192841, 44.554246 ], [ 12.192901, 44.554262 ], [ 12.193011, 44.554299 ], [ 12.193119, 44.554344 ], [ 12.19322, 44.55438 ], [ 12.193321, 44.554423 ], [ 12.193424, 44.554457 ], [ 12.193533, 44.554489 ], [ 12.193639, 44.554525 ], [ 12.193747, 44.554564 ], [ 12.193858, 44.554605 ], [ 12.193966, 44.554645 ], [ 12.194068, 44.55468 ], [ 12.194158, 44.554709 ], [ 12.194256, 44.554737 ], [ 12.194354, 44.554769 ], [ 12.194462, 44.554806 ], [ 12.194584, 44.554854 ], [ 12.194687, 44.554897 ], [ 12.194789, 44.554934 ], [ 12.194894, 44.554973 ], [ 12.19502, 44.555027 ], [ 12.195126, 44.555065 ], [ 12.195232, 44.555105 ], [ 12.195331, 44.555145 ], [ 12.19543, 44.555187 ], [ 12.195532, 44.555233 ], [ 12.195615, 44.555271 ], [ 12.195711, 44.555316 ], [ 12.195819, 44.555374 ], [ 12.195938, 44.555446 ], [ 12.195997, 44.555483 ], [ 12.196056, 44.555517 ], [ 12.19611, 44.555544 ], [ 12.196182, 44.555577 ], [ 12.196248, 44.555611 ], [ 12.196317, 44.555654 ], [ 12.196407, 44.555708 ], [ 12.196458, 44.555741 ], [ 12.196544, 44.5558 ], [ 12.196617, 44.555843 ], [ 12.196688, 44.555885 ], [ 12.196769, 44.555925 ], [ 12.196843, 44.555967 ], [ 12.196903, 44.555995 ], [ 12.196972, 44.556035 ], [ 12.197029, 44.556079 ], [ 12.19711, 44.556129 ], [ 12.197187, 44.556172 ], [ 12.197267, 44.556221 ], [ 12.197349, 44.556266 ], [ 12.197421, 44.55631 ], [ 12.197485, 44.556353 ], [ 12.197546, 44.556395 ], [ 12.197611, 44.556441 ], [ 12.19768, 44.556492 ], [ 12.197748, 44.55654 ], [ 12.19782, 44.556579 ], [ 12.197897, 44.556622 ], [ 12.197975, 44.556668 ], [ 12.198062, 44.556712 ], [ 12.198145, 44.556755 ], [ 12.198229, 44.556799 ], [ 12.198309, 44.556842 ], [ 12.198381, 44.556883 ], [ 12.198447, 44.556927 ], [ 12.198527, 44.55698 ], [ 12.198618, 44.557037 ], [ 12.198709, 44.557092 ], [ 12.19879, 44.557142 ], [ 12.198861, 44.557193 ], [ 12.198928, 44.557236 ], [ 12.199001, 44.557274 ], [ 12.199066, 44.557307 ], [ 12.199127, 44.557347 ], [ 12.199188, 44.557399 ], [ 12.199263, 44.557449 ], [ 12.199346, 44.5575 ], [ 12.199429, 44.557552 ], [ 12.199503, 44.557602 ], [ 12.199572, 44.557652 ], [ 12.199644, 44.557702 ], [ 12.199721, 44.557748 ], [ 12.1998, 44.557799 ], [ 12.199882, 44.557851 ], [ 12.199961, 44.557901 ], [ 12.200034, 44.557955 ], [ 12.200114, 44.558012 ], [ 12.200199, 44.558066 ], [ 12.200285, 44.558118 ], [ 12.200371, 44.558169 ], [ 12.200461, 44.558219 ], [ 12.200547, 44.558272 ], [ 12.200627, 44.558328 ], [ 12.200713, 44.55838 ], [ 12.200803, 44.558432 ], [ 12.200883, 44.558484 ], [ 12.200965, 44.558536 ], [ 12.201059, 44.55859 ], [ 12.201144, 44.558639 ], [ 12.201235, 44.558699 ], [ 12.201336, 44.558756 ], [ 12.201433, 44.558818 ], [ 12.201519, 44.55887 ], [ 12.201609, 44.558925 ], [ 12.201695, 44.558983 ], [ 12.201778, 44.55904 ], [ 12.201863, 44.559095 ], [ 12.201954, 44.55915 ], [ 12.202046, 44.559208 ], [ 12.202138, 44.559269 ], [ 12.202227, 44.559328 ], [ 12.202314, 44.559386 ], [ 12.202358, 44.559419 ], [ 12.202444, 44.559488 ], [ 12.202488, 44.559523 ], [ 12.202582, 44.559584 ], [ 12.202672, 44.559641 ], [ 12.202757, 44.5597 ], [ 12.202839, 44.559756 ], [ 12.202919, 44.559811 ], [ 12.203002, 44.55987 ], [ 12.203083, 44.559925 ], [ 12.203165, 44.55998 ], [ 12.203244, 44.560034 ], [ 12.203327, 44.560089 ], [ 12.203406, 44.560146 ], [ 12.203488, 44.560203 ], [ 12.203575, 44.560258 ], [ 12.203665, 44.560313 ], [ 12.203755, 44.560368 ], [ 12.20385, 44.560421 ], [ 12.203943, 44.560474 ], [ 12.204003, 44.560511 ], [ 12.204084, 44.560565 ], [ 12.204131, 44.560601 ], [ 12.20418, 44.560639 ], [ 12.204228, 44.560672 ], [ 12.204297, 44.560714 ], [ 12.204351, 44.560752 ], [ 12.204414, 44.560792 ], [ 12.204483, 44.560834 ], [ 12.204567, 44.560887 ], [ 12.204785, 44.56105 ], [ 12.204867, 44.561103 ], [ 12.204944, 44.561162 ], [ 12.20505, 44.561235 ], [ 12.205104, 44.561271 ], [ 12.205172, 44.561323 ], [ 12.205266, 44.561382 ], [ 12.205347, 44.561449 ], [ 12.205439, 44.561509 ], [ 12.205507, 44.561556 ], [ 12.205579, 44.561606 ], [ 12.20567, 44.561669 ], [ 12.205798, 44.561759 ], [ 12.205885, 44.561823 ], [ 12.205972, 44.561885 ], [ 12.206038, 44.561931 ], [ 12.206088, 44.561968 ], [ 12.206173, 44.562034 ], [ 12.206255, 44.562097 ], [ 12.206309, 44.562143 ], [ 12.206402, 44.562212 ], [ 12.206508, 44.562285 ], [ 12.206573, 44.562339 ], [ 12.206643, 44.56239 ], [ 12.206721, 44.562442 ], [ 12.206785, 44.562484 ], [ 12.206839, 44.562518 ], [ 12.206924, 44.562571 ], [ 12.207044, 44.562652 ], [ 12.207121, 44.562704 ], [ 12.207208, 44.562757 ], [ 12.20727, 44.5628 ], [ 12.207326, 44.562833 ], [ 12.207406, 44.56288 ], [ 12.207481, 44.562936 ], [ 12.207546, 44.562982 ], [ 12.207616, 44.563024 ], [ 12.207685, 44.563068 ], [ 12.207742, 44.563112 ], [ 12.207799, 44.56315 ], [ 12.20787, 44.563192 ], [ 12.207949, 44.563239 ], [ 12.208027, 44.563288 ], [ 12.208104, 44.563342 ], [ 12.208186, 44.563393 ], [ 12.208269, 44.563438 ], [ 12.208343, 44.563481 ], [ 12.208417, 44.563527 ], [ 12.208496, 44.563574 ], [ 12.208572, 44.563623 ], [ 12.208644, 44.563674 ], [ 12.208719, 44.563726 ], [ 12.208797, 44.563778 ], [ 12.208878, 44.56383 ], [ 12.208958, 44.563883 ], [ 12.209038, 44.563941 ], [ 12.209123, 44.563997 ], [ 12.209206, 44.564049 ], [ 12.20929, 44.564102 ], [ 12.209375, 44.564157 ], [ 12.20946, 44.564212 ], [ 12.209545, 44.564268 ], [ 12.209631, 44.564321 ], [ 12.209709, 44.564374 ], [ 12.209789, 44.564426 ], [ 12.209874, 44.564478 ], [ 12.209961, 44.564531 ], [ 12.210055, 44.564582 ], [ 12.210152, 44.564632 ], [ 12.210244, 44.564687 ], [ 12.210333, 44.564739 ], [ 12.210421, 44.564785 ], [ 12.210509, 44.56483 ], [ 12.210599, 44.564876 ], [ 12.210682, 44.564926 ], [ 12.21077, 44.564979 ], [ 12.210839, 44.56502 ], [ 12.210907, 44.565064 ], [ 12.210993, 44.565122 ], [ 12.2111, 44.565196 ], [ 12.211185, 44.565248 ], [ 12.211268, 44.565296 ], [ 12.211369, 44.565345 ], [ 12.211439, 44.565394 ], [ 12.211521, 44.565437 ], [ 12.211604, 44.56549 ], [ 12.211681, 44.565544 ], [ 12.211751, 44.5656 ], [ 12.21181, 44.565663 ], [ 12.211862, 44.565726 ], [ 12.211914, 44.565787 ], [ 12.21196, 44.56585 ], [ 12.212002, 44.565919 ], [ 12.212048, 44.565987 ], [ 12.212096, 44.566058 ], [ 12.212147, 44.566129 ], [ 12.212202, 44.566201 ], [ 12.212256, 44.566276 ], [ 12.21231, 44.566345 ], [ 12.212363, 44.566412 ], [ 12.212415, 44.566484 ], [ 12.212463, 44.566558 ], [ 12.212514, 44.566629 ], [ 12.212574, 44.566693 ], [ 12.212633, 44.56675 ], [ 12.212701, 44.566818 ], [ 12.212773, 44.566889 ], [ 12.212849, 44.566951 ], [ 12.21292, 44.567011 ], [ 12.212992, 44.567068 ], [ 12.213061, 44.567114 ], [ 12.213128, 44.567162 ], [ 12.213195, 44.56722 ], [ 12.213262, 44.567276 ], [ 12.213336, 44.567334 ], [ 12.21339, 44.567375 ], [ 12.213486, 44.567452 ], [ 12.213551, 44.567519 ], [ 12.213621, 44.567585 ], [ 12.213689, 44.567647 ], [ 12.213727, 44.567685 ], [ 12.213787, 44.567753 ], [ 12.213873, 44.567848 ], [ 12.213933, 44.567923 ], [ 12.213987, 44.567987 ], [ 12.214038, 44.568051 ], [ 12.214099, 44.56812 ], [ 12.214156, 44.568196 ], [ 12.214213, 44.568277 ], [ 12.214276, 44.568353 ], [ 12.214342, 44.568426 ], [ 12.214395, 44.568486 ], [ 12.21446, 44.568555 ], [ 12.214504, 44.568601 ], [ 12.214581, 44.568683 ], [ 12.214654, 44.568767 ], [ 12.214698, 44.568818 ], [ 12.214773, 44.568905 ], [ 12.214807, 44.568947 ], [ 12.214845, 44.568995 ], [ 12.214872, 44.569036 ], [ 12.214911, 44.569088 ], [ 12.21496, 44.569149 ], [ 12.215017, 44.569217 ], [ 12.215078, 44.569289 ], [ 12.215151, 44.569381 ], [ 12.215183, 44.569424 ], [ 12.215316, 44.569619 ], [ 12.215355, 44.569685 ], [ 12.215392, 44.569734 ], [ 12.215442, 44.569776 ], [ 12.215486, 44.569826 ], [ 12.215521, 44.569869 ], [ 12.21555, 44.569916 ], [ 12.215573, 44.569962 ], [ 12.215603, 44.570011 ], [ 12.215635, 44.570061 ], [ 12.215667, 44.570117 ], [ 12.215684, 44.570178 ], [ 12.215724, 44.570253 ], [ 12.215778, 44.570327 ], [ 12.215833, 44.570409 ], [ 12.21589, 44.570497 ], [ 12.21592, 44.570544 ], [ 12.215974, 44.570629 ], [ 12.216021, 44.570702 ], [ 12.216058, 44.570758 ], [ 12.216092, 44.570819 ], [ 12.216125, 44.570902 ], [ 12.216171, 44.57097 ], [ 12.216208, 44.571044 ], [ 12.216243, 44.571117 ], [ 12.216289, 44.57119 ], [ 12.216328, 44.571262 ], [ 12.216366, 44.571338 ], [ 12.21641, 44.571414 ], [ 12.216456, 44.571489 ], [ 12.216495, 44.571556 ], [ 12.216526, 44.571614 ], [ 12.216554, 44.571667 ], [ 12.21659, 44.571729 ], [ 12.216631, 44.571797 ], [ 12.216669, 44.571866 ], [ 12.216706, 44.571936 ], [ 12.216741, 44.572 ], [ 12.216766, 44.572062 ], [ 12.216787, 44.572127 ], [ 12.216813, 44.572199 ], [ 12.216834, 44.572277 ], [ 12.216852, 44.572359 ], [ 12.21687, 44.572442 ], [ 12.216882, 44.572525 ], [ 12.21688, 44.572598 ], [ 12.216876, 44.572678 ], [ 12.216865, 44.572759 ], [ 12.216819, 44.572843 ], [ 12.216781, 44.572932 ], [ 12.216754, 44.572996 ], [ 12.216748, 44.573057 ], [ 12.216721, 44.57312 ], [ 12.216682, 44.573203 ], [ 12.216648, 44.57328 ], [ 12.216625, 44.573347 ], [ 12.216595, 44.573415 ], [ 12.216561, 44.573488 ], [ 12.216528, 44.573558 ], [ 12.216492, 44.57363 ], [ 12.216452, 44.573703 ], [ 12.216418, 44.573774 ], [ 12.216382, 44.573845 ], [ 12.216342, 44.573916 ], [ 12.216297, 44.573986 ], [ 12.216252, 44.574054 ], [ 12.216201, 44.57412 ], [ 12.216149, 44.574185 ], [ 12.216098, 44.574248 ], [ 12.216038, 44.574309 ], [ 12.215979, 44.574369 ], [ 12.215921, 44.574427 ], [ 12.215861, 44.574486 ], [ 12.215796, 44.574545 ], [ 12.215727, 44.574607 ], [ 12.215656, 44.574672 ], [ 12.215593, 44.574735 ], [ 12.215532, 44.574795 ], [ 12.215475, 44.574856 ], [ 12.21541, 44.574924 ], [ 12.215342, 44.574991 ], [ 12.215273, 44.575059 ], [ 12.215202, 44.575128 ], [ 12.21514, 44.575195 ], [ 12.215081, 44.575259 ], [ 12.215013, 44.575326 ], [ 12.214942, 44.575391 ], [ 12.214883, 44.575466 ], [ 12.214829, 44.575543 ], [ 12.214813, 44.575597 ], [ 12.214791, 44.57564 ], [ 12.214716, 44.575719 ], [ 12.214716, 44.575719 ], [ 12.214699, 44.575768 ], [ 12.214699, 44.575768 ], [ 12.214707, 44.575825 ], [ 12.214663, 44.57591 ], [ 12.214629, 44.575953 ], [ 12.214558, 44.576051 ], [ 12.214487, 44.576161 ], [ 12.214453, 44.576218 ], [ 12.214388, 44.576335 ], [ 12.214354, 44.576394 ], [ 12.2143, 44.576489 ], [ 12.214233, 44.576596 ], [ 12.214168, 44.576711 ], [ 12.214136, 44.576765 ], [ 12.214064, 44.576879 ], [ 12.214004, 44.576894 ], [ 12.214014, 44.576998 ], [ 12.213986, 44.577093 ], [ 12.213969, 44.577175 ], [ 12.213965, 44.577272 ], [ 12.213962, 44.577325 ], [ 12.213966, 44.577407 ], [ 12.213933, 44.577467 ], [ 12.213949, 44.577513 ], [ 12.213961, 44.577584 ], [ 12.213965, 44.577639 ], [ 12.213971, 44.577693 ], [ 12.213978, 44.577746 ], [ 12.213988, 44.57792 ], [ 12.214027, 44.577984 ], [ 12.214057, 44.578054 ], [ 12.214083, 44.578117 ], [ 12.214098, 44.578191 ], [ 12.214087, 44.578249 ], [ 12.214071, 44.578309 ], [ 12.214059, 44.578359 ], [ 12.214099, 44.578416 ], [ 12.214161, 44.578478 ], [ 12.214222, 44.578529 ], [ 12.214293, 44.578584 ], [ 12.214384, 44.578643 ], [ 12.214467, 44.578697 ], [ 12.214528, 44.578742 ], [ 12.214593, 44.578786 ], [ 12.214759, 44.57887 ], [ 12.214889, 44.57892 ], [ 12.214945, 44.578944 ], [ 12.215073, 44.578979 ], [ 12.215195, 44.579032 ], [ 12.215346, 44.579085 ], [ 12.21548, 44.579128 ], [ 12.215611, 44.579162 ], [ 12.215742, 44.579192 ], [ 12.215828, 44.579192 ], [ 12.215892, 44.579204 ], [ 12.216005, 44.579248 ], [ 12.216121, 44.579276 ], [ 12.216237, 44.579295 ], [ 12.216344, 44.579325 ], [ 12.216455, 44.579352 ], [ 12.216526, 44.579357 ], [ 12.216641, 44.579387 ], [ 12.216717, 44.5794 ], [ 12.216815, 44.579427 ], [ 12.216906, 44.579444 ], [ 12.21701, 44.579469 ], [ 12.217115, 44.579502 ], [ 12.217212, 44.57954 ], [ 12.217288, 44.579555 ], [ 12.217353, 44.579565 ], [ 12.217435, 44.57957 ], [ 12.217455, 44.579616 ], [ 12.217412, 44.579655 ], [ 12.217332, 44.57969 ], [ 12.217237, 44.579717 ], [ 12.217142, 44.579743 ], [ 12.217053, 44.579764 ], [ 12.216977, 44.57978 ], [ 12.216913, 44.579787 ], [ 12.216907, 44.579841 ], [ 12.216853, 44.579872 ], [ 12.216793, 44.579898 ], [ 12.216722, 44.579934 ], [ 12.216661, 44.579969 ], [ 12.216591, 44.580002 ], [ 12.21651, 44.58004 ], [ 12.216418, 44.580082 ], [ 12.216189, 44.580202 ], [ 12.216067, 44.580259 ], [ 12.216001, 44.580293 ], [ 12.215951, 44.580321 ], [ 12.215897, 44.580347 ], [ 12.215842, 44.580375 ], [ 12.215791, 44.580409 ], [ 12.215735, 44.580432 ], [ 12.215643, 44.580471 ], [ 12.215576, 44.580501 ], [ 12.215448, 44.580567 ], [ 12.21534, 44.580619 ], [ 12.215255, 44.580657 ], [ 12.215169, 44.5807 ], [ 12.215081, 44.580742 ], [ 12.214998, 44.580783 ], [ 12.214919, 44.580823 ], [ 12.21484, 44.580865 ], [ 12.214766, 44.580908 ], [ 12.214715, 44.58094 ], [ 12.214628, 44.580986 ], [ 12.214546, 44.581019 ], [ 12.214481, 44.581042 ], [ 12.214423, 44.581073 ], [ 12.214354, 44.581107 ], [ 12.214278, 44.581145 ], [ 12.214196, 44.581181 ], [ 12.214137, 44.581205 ], [ 12.214048, 44.581252 ], [ 12.213972, 44.581285 ], [ 12.213886, 44.581328 ], [ 12.213798, 44.58136 ], [ 12.213703, 44.581395 ], [ 12.213622, 44.581428 ], [ 12.213539, 44.581461 ], [ 12.213452, 44.581496 ], [ 12.213452, 44.581496 ], [ 12.213361, 44.581532 ], [ 12.213268, 44.581568 ], [ 12.213168, 44.581605 ], [ 12.213069, 44.581644 ], [ 12.212985, 44.581676 ], [ 12.212916, 44.5817 ], [ 12.212803, 44.581742 ], [ 12.212706, 44.581787 ], [ 12.212602, 44.581825 ], [ 12.212494, 44.581863 ], [ 12.212386, 44.58191 ], [ 12.212286, 44.581954 ], [ 12.212199, 44.581988 ], [ 12.212111, 44.582022 ], [ 12.212015, 44.582057 ], [ 12.211915, 44.582092 ], [ 12.21181, 44.582133 ], [ 12.211643, 44.582244 ], [ 12.211541, 44.582279 ], [ 12.211408, 44.582311 ], [ 12.211341, 44.582323 ], [ 12.211218, 44.58235 ], [ 12.211155, 44.582361 ], [ 12.211047, 44.582386 ], [ 12.210934, 44.582414 ], [ 12.210822, 44.582454 ], [ 12.210768, 44.582478 ], [ 12.210658, 44.582518 ], [ 12.210542, 44.58255 ], [ 12.210483, 44.582566 ], [ 12.210376, 44.582608 ], [ 12.21028, 44.582649 ], [ 12.21018, 44.58269 ], [ 12.210088, 44.582735 ], [ 12.209985, 44.582785 ], [ 12.209894, 44.582824 ], [ 12.20982, 44.582858 ], [ 12.209738, 44.582892 ], [ 12.209652, 44.582929 ], [ 12.209552, 44.582972 ], [ 12.209467, 44.583026 ], [ 12.209404, 44.583101 ], [ 12.209344, 44.583172 ], [ 12.209286, 44.583233 ], [ 12.209233, 44.583293 ], [ 12.209189, 44.583352 ], [ 12.209152, 44.583401 ], [ 12.209109, 44.583451 ], [ 12.209063, 44.583502 ], [ 12.208981, 44.583541 ], [ 12.208899, 44.583561 ], [ 12.208801, 44.583566 ], [ 12.20871, 44.583557 ], [ 12.208617, 44.583535 ], [ 12.208509, 44.583504 ], [ 12.208426, 44.583514 ], [ 12.208376, 44.58356 ], [ 12.208318, 44.583585 ], [ 12.208246, 44.583593 ], [ 12.208143, 44.583643 ], [ 12.208023, 44.583702 ], [ 12.207964, 44.58373 ], [ 12.207908, 44.583759 ], [ 12.207855, 44.583787 ], [ 12.207757, 44.583835 ], [ 12.207669, 44.583879 ], [ 12.207576, 44.583921 ], [ 12.207484, 44.583958 ], [ 12.2074, 44.583995 ], [ 12.207319, 44.584033 ], [ 12.20724, 44.58407 ], [ 12.20716, 44.584104 ], [ 12.207078, 44.584139 ], [ 12.206993, 44.584174 ], [ 12.206915, 44.584206 ], [ 12.206813, 44.584244 ], [ 12.206736, 44.584273 ], [ 12.206671, 44.584305 ], [ 12.206607, 44.584335 ], [ 12.206538, 44.584368 ], [ 12.206523, 44.584414 ], [ 12.206437, 44.584448 ], [ 12.206334, 44.584486 ], [ 12.206239, 44.584519 ], [ 12.206147, 44.58455 ], [ 12.206063, 44.584583 ], [ 12.205979, 44.584626 ], [ 12.205897, 44.58467 ], [ 12.205818, 44.584711 ], [ 12.205742, 44.58475 ], [ 12.205672, 44.584788 ], [ 12.205604, 44.58482 ], [ 12.205533, 44.584849 ], [ 12.205462, 44.584884 ], [ 12.205378, 44.584927 ], [ 12.205294, 44.584969 ], [ 12.205219, 44.585008 ], [ 12.205144, 44.585047 ], [ 12.205073, 44.585082 ], [ 12.205005, 44.585116 ], [ 12.204931, 44.58515 ], [ 12.204861, 44.585182 ], [ 12.204801, 44.585216 ], [ 12.204732, 44.585248 ], [ 12.204659, 44.585285 ], [ 12.204581, 44.585321 ], [ 12.204525, 44.585343 ], [ 12.204447, 44.585378 ], [ 12.204349, 44.585412 ], [ 12.204249, 44.58545 ], [ 12.204149, 44.585495 ], [ 12.204056, 44.585539 ], [ 12.203986, 44.585578 ], [ 12.203927, 44.585608 ], [ 12.203866, 44.585636 ], [ 12.203783, 44.585667 ], [ 12.203705, 44.585702 ], [ 12.203628, 44.585744 ], [ 12.203547, 44.585783 ], [ 12.203457, 44.585827 ], [ 12.203457, 44.585827 ], [ 12.203393, 44.585863 ], [ 12.203334, 44.585903 ], [ 12.203284, 44.585932 ], [ 12.203191, 44.585973 ], [ 12.203085, 44.58602 ], [ 12.202993, 44.586064 ], [ 12.202912, 44.586095 ], [ 12.202818, 44.586117 ], [ 12.202747, 44.586154 ], [ 12.202683, 44.58618 ], [ 12.202582, 44.586229 ], [ 12.202515, 44.586254 ], [ 12.20244, 44.586301 ], [ 12.202376, 44.586346 ], [ 12.202308, 44.5864 ], [ 12.202255, 44.586439 ], [ 12.202194, 44.586491 ], [ 12.202117, 44.586555 ], [ 12.202023, 44.586632 ], [ 12.201956, 44.586694 ], [ 12.201889, 44.58675 ], [ 12.201824, 44.586812 ], [ 12.201781, 44.586882 ], [ 12.201738, 44.586947 ], [ 12.201688, 44.587007 ], [ 12.201638, 44.587067 ], [ 12.201588, 44.587135 ], [ 12.201538, 44.587203 ], [ 12.201494, 44.587271 ], [ 12.201449, 44.58734 ], [ 12.201405, 44.587429 ], [ 12.201363, 44.587496 ], [ 12.201338, 44.587567 ], [ 12.201296, 44.587632 ], [ 12.201263, 44.587699 ], [ 12.201224, 44.587758 ], [ 12.201194, 44.587826 ], [ 12.201179, 44.58789 ], [ 12.201187, 44.587954 ], [ 12.201191, 44.588029 ], [ 12.201183, 44.588103 ], [ 12.201187, 44.588185 ], [ 12.201196, 44.588257 ], [ 12.201197, 44.588333 ], [ 12.201197, 44.588418 ], [ 12.201193, 44.588496 ], [ 12.201193, 44.588569 ], [ 12.201193, 44.588643 ], [ 12.201193, 44.58872 ], [ 12.201197, 44.588789 ], [ 12.201228, 44.588859 ], [ 12.201288, 44.58891 ], [ 12.201353, 44.588949 ], [ 12.201422, 44.588997 ], [ 12.201474, 44.589039 ], [ 12.201553, 44.589059 ], [ 12.201604, 44.589099 ], [ 12.201665, 44.589163 ], [ 12.201754, 44.589248 ], [ 12.201824, 44.589316 ], [ 12.201906, 44.589383 ], [ 12.20199, 44.589442 ], [ 12.202062, 44.589507 ], [ 12.202136, 44.589578 ], [ 12.202209, 44.589674 ], [ 12.202274, 44.589675 ], [ 12.202324, 44.589718 ], [ 12.20245, 44.589795 ], [ 12.202516, 44.589852 ], [ 12.202559, 44.58993 ], [ 12.202629, 44.589978 ], [ 12.202687, 44.590023 ], [ 12.202732, 44.590082 ], [ 12.202783, 44.590141 ], [ 12.202842, 44.590181 ], [ 12.202897, 44.590217 ], [ 12.202961, 44.590271 ], [ 12.203017, 44.59032 ], [ 12.203079, 44.590369 ], [ 12.203143, 44.590425 ], [ 12.203207, 44.590478 ], [ 12.203273, 44.590528 ], [ 12.203338, 44.590579 ], [ 12.203392, 44.590625 ], [ 12.203453, 44.590676 ], [ 12.203517, 44.59072 ], [ 12.203571, 44.590772 ], [ 12.203625, 44.590824 ], [ 12.203675, 44.590866 ], [ 12.203713, 44.590916 ], [ 12.203772, 44.590968 ], [ 12.203833, 44.59102 ], [ 12.203883, 44.591059 ], [ 12.203949, 44.591102 ], [ 12.204006, 44.591148 ], [ 12.20407, 44.591205 ], [ 12.204132, 44.59126 ], [ 12.204197, 44.591315 ], [ 12.204248, 44.591361 ], [ 12.204326, 44.591435 ], [ 12.204382, 44.591491 ], [ 12.204498, 44.591585 ], [ 12.204563, 44.591659 ], [ 12.204639, 44.591728 ], [ 12.204695, 44.591784 ], [ 12.204746, 44.591825 ], [ 12.204791, 44.591863 ], [ 12.204868, 44.591914 ], [ 12.204962, 44.591985 ], [ 12.205022, 44.592045 ], [ 12.205079, 44.592099 ], [ 12.205118, 44.59215 ], [ 12.205173, 44.592203 ], [ 12.20525, 44.592262 ], [ 12.205297, 44.592307 ], [ 12.205362, 44.592363 ], [ 12.205436, 44.592424 ], [ 12.205533, 44.592498 ], [ 12.205575, 44.592535 ], [ 12.205661, 44.592614 ], [ 12.205721, 44.592659 ], [ 12.205795, 44.592721 ], [ 12.205838, 44.592762 ], [ 12.205899, 44.592816 ], [ 12.205961, 44.592867 ], [ 12.206045, 44.592941 ], [ 12.206154, 44.593046 ], [ 12.20622, 44.593099 ], [ 12.206277, 44.593149 ], [ 12.20634, 44.593196 ], [ 12.206413, 44.593251 ], [ 12.206469, 44.593314 ], [ 12.206532, 44.593369 ], [ 12.206578, 44.5934 ], [ 12.206669, 44.593473 ], [ 12.206743, 44.593539 ], [ 12.206798, 44.593582 ], [ 12.206858, 44.593629 ], [ 12.206923, 44.59369 ], [ 12.206987, 44.59375 ], [ 12.207057, 44.593808 ], [ 12.20713, 44.593873 ], [ 12.207211, 44.593945 ], [ 12.207279, 44.594012 ], [ 12.207345, 44.594068 ], [ 12.207411, 44.594123 ], [ 12.207475, 44.594183 ], [ 12.207543, 44.594242 ], [ 12.207607, 44.5943 ], [ 12.207668, 44.594352 ], [ 12.207718, 44.594394 ], [ 12.207759, 44.594447 ], [ 12.207814, 44.594503 ], [ 12.207881, 44.594562 ], [ 12.20795, 44.594623 ], [ 12.208027, 44.594687 ], [ 12.208096, 44.594747 ], [ 12.208165, 44.594807 ], [ 12.208222, 44.594865 ], [ 12.208282, 44.594929 ], [ 12.20835, 44.59499 ], [ 12.208419, 44.595052 ], [ 12.208481, 44.595109 ], [ 12.208545, 44.595166 ], [ 12.208614, 44.595227 ], [ 12.208693, 44.595288 ], [ 12.208768, 44.595352 ], [ 12.208832, 44.595424 ], [ 12.208899, 44.595483 ], [ 12.208968, 44.595535 ], [ 12.209034, 44.59559 ], [ 12.209094, 44.59564 ], [ 12.209167, 44.595687 ], [ 12.209237, 44.595736 ], [ 12.209292, 44.595784 ], [ 12.209349, 44.595828 ], [ 12.209411, 44.595875 ], [ 12.209474, 44.595926 ], [ 12.209541, 44.595986 ], [ 12.209603, 44.596033 ], [ 12.209665, 44.59608 ], [ 12.209733, 44.596138 ], [ 12.209802, 44.596196 ], [ 12.20987, 44.596253 ], [ 12.209931, 44.596306 ], [ 12.209992, 44.596358 ], [ 12.210058, 44.596415 ], [ 12.210124, 44.596472 ], [ 12.210182, 44.596526 ], [ 12.21024, 44.59658 ], [ 12.2103, 44.596635 ], [ 12.210365, 44.596693 ], [ 12.21043, 44.596753 ], [ 12.210495, 44.596808 ], [ 12.210552, 44.596858 ], [ 12.210614, 44.596911 ], [ 12.210674, 44.596962 ], [ 12.210736, 44.597012 ], [ 12.210795, 44.597061 ], [ 12.210848, 44.597117 ], [ 12.210902, 44.597179 ], [ 12.210961, 44.597238 ], [ 12.211023, 44.597293 ], [ 12.211076, 44.597343 ], [ 12.211128, 44.597394 ], [ 12.211184, 44.597448 ], [ 12.211246, 44.597504 ], [ 12.211304, 44.597558 ], [ 12.21136, 44.59761 ], [ 12.21142, 44.597659 ], [ 12.211479, 44.597713 ], [ 12.211538, 44.597765 ], [ 12.211597, 44.597818 ], [ 12.211658, 44.597875 ], [ 12.21172, 44.597934 ], [ 12.211782, 44.597987 ], [ 12.211847, 44.598046 ], [ 12.211915, 44.598109 ], [ 12.211977, 44.598169 ], [ 12.212056, 44.598225 ], [ 12.212151, 44.598263 ], [ 12.212227, 44.598299 ], [ 12.21229, 44.598348 ], [ 12.212357, 44.598404 ], [ 12.212425, 44.598458 ], [ 12.21249, 44.598511 ], [ 12.212556, 44.598565 ], [ 12.212615, 44.598615 ], [ 12.212679, 44.598665 ], [ 12.212739, 44.598717 ], [ 12.212794, 44.598782 ], [ 12.21285, 44.59884 ], [ 12.212904, 44.598887 ], [ 12.212964, 44.598931 ], [ 12.213027, 44.598976 ], [ 12.213083, 44.599022 ], [ 12.213124, 44.599064 ], [ 12.213164, 44.599107 ], [ 12.213213, 44.599153 ], [ 12.213266, 44.599196 ], [ 12.213313, 44.599231 ], [ 12.213469, 44.599363 ], [ 12.213536, 44.59943 ], [ 12.213597, 44.599478 ], [ 12.213663, 44.599529 ], [ 12.213735, 44.599593 ], [ 12.213773, 44.599636 ], [ 12.213837, 44.599688 ], [ 12.213919, 44.599753 ], [ 12.213997, 44.599826 ], [ 12.214052, 44.599879 ], [ 12.214177, 44.599972 ], [ 12.214267, 44.600042 ], [ 12.214342, 44.600109 ], [ 12.214406, 44.60017 ], [ 12.214468, 44.600226 ], [ 12.214533, 44.60028 ], [ 12.214602, 44.600338 ], [ 12.214657, 44.600381 ], [ 12.214701, 44.600416 ], [ 12.214768, 44.600466 ], [ 12.214812, 44.600502 ], [ 12.214858, 44.600543 ], [ 12.214917, 44.600592 ], [ 12.214975, 44.600643 ], [ 12.215032, 44.600696 ], [ 12.215096, 44.600754 ], [ 12.215164, 44.600816 ], [ 12.215234, 44.600876 ], [ 12.215301, 44.600935 ], [ 12.21537, 44.600995 ], [ 12.215436, 44.601051 ], [ 12.215502, 44.601109 ], [ 12.215565, 44.601167 ], [ 12.215628, 44.601227 ], [ 12.215694, 44.601287 ], [ 12.215758, 44.601343 ], [ 12.215831, 44.601401 ], [ 12.215896, 44.601462 ], [ 12.215959, 44.60152 ], [ 12.21602, 44.601572 ], [ 12.216092, 44.601622 ], [ 12.216135, 44.601658 ], [ 12.216197, 44.601713 ], [ 12.216252, 44.60176 ], [ 12.216312, 44.601817 ], [ 12.216353, 44.601856 ], [ 12.216494, 44.601998 ], [ 12.216561, 44.602047 ], [ 12.216615, 44.602094 ], [ 12.216678, 44.602152 ], [ 12.216751, 44.602208 ], [ 12.216826, 44.602271 ], [ 12.2169, 44.602325 ], [ 12.216965, 44.602379 ], [ 12.217028, 44.602433 ], [ 12.21709, 44.602486 ], [ 12.217154, 44.602539 ], [ 12.217215, 44.602597 ], [ 12.217271, 44.60265 ], [ 12.217333, 44.602704 ], [ 12.217404, 44.602761 ], [ 12.217475, 44.60282 ], [ 12.217537, 44.60288 ], [ 12.217601, 44.60294 ], [ 12.217669, 44.602998 ], [ 12.217742, 44.603055 ], [ 12.217808, 44.60311 ], [ 12.217869, 44.603168 ], [ 12.217915, 44.603208 ], [ 12.217994, 44.603266 ], [ 12.218121, 44.603376 ], [ 12.21816, 44.603412 ], [ 12.218223, 44.603464 ], [ 12.218275, 44.603509 ], [ 12.218319, 44.603548 ], [ 12.218376, 44.603602 ], [ 12.218439, 44.603659 ], [ 12.218494, 44.603716 ], [ 12.218568, 44.60377 ], [ 12.218638, 44.603829 ], [ 12.218716, 44.603892 ], [ 12.218757, 44.603927 ], [ 12.218819, 44.603987 ], [ 12.218887, 44.604053 ], [ 12.218968, 44.604131 ], [ 12.219032, 44.604197 ], [ 12.219083, 44.604247 ], [ 12.219143, 44.604295 ], [ 12.219256, 44.604382 ], [ 12.219342, 44.60445 ], [ 12.219413, 44.604508 ], [ 12.21947, 44.604558 ], [ 12.21954, 44.604623 ], [ 12.219605, 44.604681 ], [ 12.21967, 44.604737 ], [ 12.219736, 44.604791 ], [ 12.219796, 44.604849 ], [ 12.219834, 44.604904 ], [ 12.21989, 44.604966 ], [ 12.219961, 44.60503 ], [ 12.220035, 44.605094 ], [ 12.220109, 44.605155 ], [ 12.220187, 44.605209 ], [ 12.220261, 44.60527 ], [ 12.220333, 44.605339 ], [ 12.220411, 44.605405 ], [ 12.220462, 44.605443 ], [ 12.22055, 44.605498 ], [ 12.220616, 44.605569 ], [ 12.220691, 44.605641 ], [ 12.220867, 44.605779 ], [ 12.220996, 44.605885 ], [ 12.221079, 44.605963 ], [ 12.22112, 44.606003 ], [ 12.221167, 44.606034 ], [ 12.221239, 44.606102 ], [ 12.221297, 44.606148 ], [ 12.22135, 44.606193 ], [ 12.221395, 44.606232 ], [ 12.221448, 44.606281 ], [ 12.221529, 44.606345 ], [ 12.221606, 44.606416 ], [ 12.221689, 44.60648 ], [ 12.221762, 44.606539 ], [ 12.221804, 44.606573 ], [ 12.221854, 44.606615 ], [ 12.221899, 44.606654 ], [ 12.222005, 44.606745 ], [ 12.222099, 44.606823 ], [ 12.222142, 44.606859 ], [ 12.222215, 44.606917 ], [ 12.222283, 44.606977 ], [ 12.222351, 44.607038 ], [ 12.222421, 44.607096 ], [ 12.222485, 44.607151 ], [ 12.222548, 44.607215 ], [ 12.222614, 44.607279 ], [ 12.222671, 44.607329 ], [ 12.222735, 44.607385 ], [ 12.222804, 44.60744 ], [ 12.222876, 44.607502 ], [ 12.222935, 44.607562 ], [ 12.222997, 44.607616 ], [ 12.223053, 44.607671 ], [ 12.223097, 44.607725 ], [ 12.223179, 44.607782 ], [ 12.223247, 44.607841 ], [ 12.223316, 44.607905 ], [ 12.223384, 44.607971 ], [ 12.223424, 44.608007 ], [ 12.223516, 44.608075 ], [ 12.223585, 44.608126 ], [ 12.223645, 44.608171 ], [ 12.223729, 44.608245 ], [ 12.223779, 44.608283 ], [ 12.223822, 44.608332 ], [ 12.22393, 44.608391 ], [ 12.224, 44.608451 ], [ 12.224069, 44.60851 ], [ 12.224135, 44.608578 ], [ 12.224174, 44.608614 ], [ 12.224252, 44.608685 ], [ 12.224314, 44.608742 ], [ 12.224371, 44.60881 ], [ 12.224457, 44.608869 ], [ 12.224528, 44.608935 ], [ 12.22461, 44.608993 ], [ 12.224685, 44.609056 ], [ 12.224771, 44.609123 ], [ 12.224845, 44.609184 ], [ 12.224914, 44.609245 ], [ 12.224985, 44.609309 ], [ 12.225057, 44.609373 ], [ 12.225124, 44.609437 ], [ 12.225199, 44.609505 ], [ 12.225266, 44.609568 ], [ 12.225336, 44.609631 ], [ 12.225409, 44.609694 ], [ 12.225485, 44.609755 ], [ 12.225559, 44.609813 ], [ 12.225632, 44.609872 ], [ 12.22571, 44.609935 ], [ 12.225792, 44.609999 ], [ 12.225872, 44.610058 ], [ 12.225946, 44.610116 ], [ 12.226018, 44.61018 ], [ 12.226088, 44.610239 ], [ 12.226159, 44.610297 ], [ 12.226228, 44.610358 ], [ 12.226297, 44.610421 ], [ 12.226364, 44.610478 ], [ 12.226437, 44.610534 ], [ 12.226511, 44.610593 ], [ 12.22656, 44.610626 ], [ 12.226651, 44.610698 ], [ 12.226736, 44.610783 ], [ 12.226773, 44.610822 ], [ 12.226874, 44.610894 ], [ 12.22695, 44.610955 ], [ 12.227001, 44.611006 ], [ 12.227037, 44.61105 ], [ 12.227079, 44.611089 ], [ 12.227257, 44.611247 ], [ 12.227327, 44.611313 ], [ 12.227387, 44.611362 ], [ 12.227463, 44.611426 ], [ 12.227529, 44.611485 ], [ 12.227586, 44.611536 ], [ 12.227652, 44.611595 ], [ 12.227721, 44.611655 ], [ 12.227768, 44.61169 ], [ 12.227841, 44.611754 ], [ 12.227909, 44.611819 ], [ 12.227963, 44.611862 ], [ 12.22804, 44.611922 ], [ 12.2281, 44.611974 ], [ 12.228142, 44.612015 ], [ 12.228187, 44.61205 ], [ 12.228249, 44.612112 ], [ 12.228322, 44.612173 ], [ 12.228379, 44.612226 ], [ 12.228437, 44.612274 ], [ 12.228485, 44.61231 ], [ 12.228589, 44.612403 ], [ 12.228652, 44.612473 ], [ 12.228725, 44.612537 ], [ 12.22879, 44.612588 ], [ 12.228845, 44.612633 ], [ 12.228918, 44.612697 ], [ 12.228975, 44.612746 ], [ 12.229017, 44.612786 ], [ 12.229104, 44.612849 ], [ 12.229157, 44.612913 ], [ 12.229216, 44.612971 ], [ 12.229287, 44.613028 ], [ 12.229352, 44.613083 ], [ 12.229428, 44.613141 ], [ 12.229507, 44.613205 ], [ 12.229581, 44.613265 ], [ 12.229658, 44.613327 ], [ 12.22974, 44.613391 ], [ 12.229784, 44.613428 ], [ 12.229828, 44.613463 ], [ 12.229904, 44.613538 ], [ 12.229962, 44.613604 ], [ 12.230024, 44.613666 ], [ 12.230089, 44.613727 ], [ 12.230148, 44.613792 ], [ 12.230209, 44.613851 ], [ 12.230268, 44.61391 ], [ 12.230326, 44.613965 ], [ 12.230394, 44.614015 ], [ 12.230464, 44.614064 ], [ 12.23054, 44.614119 ], [ 12.230612, 44.614179 ], [ 12.230684, 44.61424 ], [ 12.230753, 44.6143 ], [ 12.230827, 44.614358 ], [ 12.230902, 44.614414 ], [ 12.230977, 44.614476 ], [ 12.231055, 44.614539 ], [ 12.231133, 44.614603 ], [ 12.231207, 44.614665 ], [ 12.23128, 44.614733 ], [ 12.231346, 44.614796 ], [ 12.231409, 44.614854 ], [ 12.231474, 44.614915 ], [ 12.231541, 44.614975 ], [ 12.231614, 44.615033 ], [ 12.231676, 44.615088 ], [ 12.231739, 44.615146 ], [ 12.231812, 44.615206 ], [ 12.231879, 44.615268 ], [ 12.231943, 44.61533 ], [ 12.232007, 44.615384 ], [ 12.232073, 44.615445 ], [ 12.232138, 44.615514 ], [ 12.232177, 44.615551 ], [ 12.232219, 44.615587 ], [ 12.23226, 44.615622 ], [ 12.232336, 44.615691 ], [ 12.232417, 44.615752 ], [ 12.232494, 44.615815 ], [ 12.232565, 44.615885 ], [ 12.232634, 44.615961 ], [ 12.232681, 44.615996 ], [ 12.232755, 44.616063 ], [ 12.232821, 44.616113 ], [ 12.23288, 44.616152 ], [ 12.23295, 44.616213 ], [ 12.233011, 44.616262 ], [ 12.2331, 44.616344 ], [ 12.233168, 44.616413 ], [ 12.23324, 44.616473 ], [ 12.233288, 44.616515 ], [ 12.233363, 44.616569 ], [ 12.233427, 44.616632 ], [ 12.233481, 44.616686 ], [ 12.233534, 44.61674 ], [ 12.233591, 44.616795 ], [ 12.233653, 44.616852 ], [ 12.233722, 44.616914 ], [ 12.233802, 44.616979 ], [ 12.23388, 44.617048 ], [ 12.233968, 44.617135 ], [ 12.234041, 44.617182 ], [ 12.234126, 44.617257 ], [ 12.234197, 44.617316 ], [ 12.234281, 44.617384 ], [ 12.234365, 44.617456 ], [ 12.234439, 44.617515 ], [ 12.234514, 44.617577 ], [ 12.234588, 44.617641 ], [ 12.234643, 44.61771 ], [ 12.234706, 44.617751 ], [ 12.234785, 44.617818 ], [ 12.23486, 44.617895 ], [ 12.234949, 44.617961 ], [ 12.235041, 44.618034 ], [ 12.235087, 44.618078 ], [ 12.235175, 44.618158 ], [ 12.23527, 44.61824 ], [ 12.235318, 44.618278 ], [ 12.235367, 44.618315 ], [ 12.235481, 44.618412 ], [ 12.235585, 44.618506 ], [ 12.235708, 44.618603 ], [ 12.235824, 44.618695 ], [ 12.235917, 44.618778 ], [ 12.236024, 44.618882 ], [ 12.236115, 44.618971 ], [ 12.236222, 44.61906 ], [ 12.236321, 44.619147 ], [ 12.236411, 44.619233 ], [ 12.236494, 44.61932 ], [ 12.236545, 44.619359 ], [ 12.236637, 44.619433 ], [ 12.236735, 44.619532 ], [ 12.236776, 44.619571 ], [ 12.236848, 44.619653 ], [ 12.236881, 44.619697 ], [ 12.236931, 44.619787 ], [ 12.236946, 44.619873 ], [ 12.236948, 44.61992 ], [ 12.236927, 44.620021 ], [ 12.23691, 44.620083 ], [ 12.23689, 44.620139 ], [ 12.236896, 44.620198 ], [ 12.23686, 44.62024 ], [ 12.236919, 44.620222 ], [ 12.236875, 44.620261 ], [ 12.236876, 44.620307 ], [ 12.23689, 44.620352 ], [ 12.236911, 44.620299 ], [ 12.2369, 44.620254 ], [ 12.236856, 44.620291 ], [ 12.236845, 44.620338 ], [ 12.236855, 44.620286 ], [ 12.236847, 44.620343 ], [ 12.236847, 44.620391 ], [ 12.236839, 44.620449 ], [ 12.236857, 44.6205 ], [ 12.236915, 44.620521 ], [ 12.236988, 44.620528 ], [ 12.237053, 44.620527 ], [ 12.237135, 44.620526 ], [ 12.237223, 44.620528 ], [ 12.237316, 44.62053 ], [ 12.237401, 44.620537 ], [ 12.237626, 44.620567 ], [ 12.237702, 44.620585 ], [ 12.237777, 44.620597 ], [ 12.237861, 44.620602 ], [ 12.237958, 44.62063 ], [ 12.238042, 44.620651 ], [ 12.238122, 44.620664 ], [ 12.238192, 44.620676 ], [ 12.23826, 44.620685 ], [ 12.238324, 44.620691 ], [ 12.238396, 44.620698 ], [ 12.238474, 44.620713 ], [ 12.238555, 44.620722 ], [ 12.238647, 44.620735 ], [ 12.238744, 44.620743 ], [ 12.23883, 44.62075 ], [ 12.238908, 44.620768 ], [ 12.23899, 44.620783 ], [ 12.239065, 44.620794 ], [ 12.23913, 44.620811 ], [ 12.239213, 44.620831 ], [ 12.239289, 44.620829 ], [ 12.239394, 44.620863 ], [ 12.239508, 44.620879 ], [ 12.239666, 44.620913 ], [ 12.2398, 44.620947 ], [ 12.239962, 44.620986 ], [ 12.240084, 44.621016 ], [ 12.24016, 44.621036 ], [ 12.240262, 44.62106 ], [ 12.240368, 44.621082 ], [ 12.240461, 44.621102 ], [ 12.240566, 44.621121 ], [ 12.240629, 44.621134 ], [ 12.240744, 44.621157 ], [ 12.240842, 44.621176 ], [ 12.240993, 44.621203 ], [ 12.24106, 44.621217 ], [ 12.24118, 44.621243 ], [ 12.241245, 44.621255 ], [ 12.241379, 44.621276 ], [ 12.241447, 44.621286 ], [ 12.24152, 44.621296 ], [ 12.241662, 44.621314 ], [ 12.241791, 44.621328 ], [ 12.241863, 44.621334 ], [ 12.241933, 44.621339 ], [ 12.242098, 44.621354 ], [ 12.242217, 44.621365 ], [ 12.24233, 44.621376 ], [ 12.242435, 44.62139 ], [ 12.242545, 44.621408 ], [ 12.242639, 44.621425 ], [ 12.24274, 44.621441 ], [ 12.242834, 44.621464 ], [ 12.242916, 44.621485 ], [ 12.243012, 44.621512 ], [ 12.243242, 44.621549 ], [ 12.243337, 44.621566 ], [ 12.243436, 44.621575 ], [ 12.243546, 44.621596 ], [ 12.243633, 44.621611 ], [ 12.243714, 44.62163 ], [ 12.243773, 44.621657 ], [ 12.243859, 44.621675 ], [ 12.244069, 44.621715 ], [ 12.244069, 44.621715 ], [ 12.244069, 44.621715 ], [ 12.244069, 44.621715 ], [ 12.244069, 44.621715 ], [ 12.244145, 44.621728 ], [ 12.244227, 44.621738 ], [ 12.244295, 44.621746 ], [ 12.244357, 44.621763 ], [ 12.244423, 44.621774 ], [ 12.244533, 44.621794 ], [ 12.244633, 44.621809 ], [ 12.244822, 44.621857 ], [ 12.244822, 44.621857 ], [ 12.244822, 44.621857 ], [ 12.244822, 44.621857 ], [ 12.244945, 44.621872 ], [ 12.245007, 44.621901 ], [ 12.245091, 44.621916 ], [ 12.245217, 44.621895 ], [ 12.24531, 44.621906 ], [ 12.245396, 44.621913 ], [ 12.245483, 44.621918 ], [ 12.245568, 44.621919 ], [ 12.245636, 44.621924 ], [ 12.245706, 44.621924 ], [ 12.245822, 44.621925 ], [ 12.245918, 44.621926 ], [ 12.245997, 44.6219 ], [ 12.246063, 44.621862 ], [ 12.246134, 44.621834 ], [ 12.246215, 44.62182 ], [ 12.246306, 44.621817 ], [ 12.246401, 44.621816 ], [ 12.246504, 44.621812 ], [ 12.24661, 44.621813 ], [ 12.246706, 44.621812 ], [ 12.246806, 44.621808 ], [ 12.246916, 44.621804 ], [ 12.247028, 44.621803 ], [ 12.247144, 44.621804 ], [ 12.247261, 44.621802 ], [ 12.247366, 44.621798 ], [ 12.247468, 44.621789 ], [ 12.247565, 44.621783 ], [ 12.24766, 44.621779 ], [ 12.24775, 44.621778 ], [ 12.247829, 44.621792 ], [ 12.247889, 44.621824 ], [ 12.247937, 44.621871 ], [ 12.247954, 44.621929 ], [ 12.247944, 44.621975 ], [ 12.247921, 44.62202 ], [ 12.247902, 44.622063 ], [ 12.247871, 44.622116 ], [ 12.247903, 44.622181 ], [ 12.24795, 44.622219 ], [ 12.248032, 44.622234 ], [ 12.248122, 44.622261 ], [ 12.248153, 44.622309 ], [ 12.248104, 44.622393 ], [ 12.248056, 44.622467 ], [ 12.248004, 44.622545 ], [ 12.247976, 44.622591 ], [ 12.247947, 44.622633 ], [ 12.24791, 44.622684 ], [ 12.247876, 44.622731 ], [ 12.247803, 44.622845 ], [ 12.247737, 44.622939 ], [ 12.247709, 44.62299 ], [ 12.247682, 44.623034 ], [ 12.247608, 44.623126 ], [ 12.24752, 44.623227 ], [ 12.247456, 44.623322 ], [ 12.247418, 44.623366 ], [ 12.24739, 44.62342 ], [ 12.247334, 44.623528 ], [ 12.247266, 44.623629 ], [ 12.247229, 44.623675 ], [ 12.247165, 44.623766 ], [ 12.247094, 44.623857 ], [ 12.247068, 44.623914 ], [ 12.247002, 44.624006 ], [ 12.246936, 44.6241 ], [ 12.246876, 44.624193 ], [ 12.246836, 44.624241 ], [ 12.246784, 44.624307 ], [ 12.246746, 44.624372 ], [ 12.24668, 44.624455 ], [ 12.246623, 44.624546 ], [ 12.246589, 44.624611 ], [ 12.246568, 44.624676 ], [ 12.24655, 44.624731 ], [ 12.246528, 44.624787 ], [ 12.246499, 44.624858 ], [ 12.24645, 44.624943 ], [ 12.246424, 44.624989 ], [ 12.246398, 44.625032 ], [ 12.246371, 44.625076 ], [ 12.246307, 44.625171 ], [ 12.246243, 44.625239 ], [ 12.246204, 44.625303 ], [ 12.246163, 44.625347 ], [ 12.246133, 44.625432 ], [ 12.246071, 44.625511 ], [ 12.246026, 44.62558 ], [ 12.245899, 44.625772 ], [ 12.245813, 44.625845 ], [ 12.245797, 44.6259 ], [ 12.245771, 44.625953 ], [ 12.245734, 44.626021 ], [ 12.245729, 44.626106 ], [ 12.245619, 44.626197 ], [ 12.245564, 44.626232 ], [ 12.245563, 44.626303 ], [ 12.245491, 44.626382 ], [ 12.245459, 44.626428 ], [ 12.245428, 44.626476 ], [ 12.245392, 44.626536 ], [ 12.245351, 44.626609 ], [ 12.245317, 44.626665 ], [ 12.245284, 44.626706 ], [ 12.245216, 44.62677 ], [ 12.245173, 44.626847 ], [ 12.245138, 44.626908 ], [ 12.245099, 44.626981 ], [ 12.245038, 44.627071 ], [ 12.244957, 44.627189 ], [ 12.244914, 44.627228 ], [ 12.244883, 44.627285 ], [ 12.244856, 44.62735 ], [ 12.244831, 44.627405 ], [ 12.244801, 44.627467 ], [ 12.244772, 44.627565 ], [ 12.244735, 44.627634 ], [ 12.244713, 44.62768 ], [ 12.244676, 44.627751 ], [ 12.244618, 44.627826 ], [ 12.244586, 44.627907 ], [ 12.244536, 44.627988 ], [ 12.244488, 44.628049 ], [ 12.244453, 44.628133 ], [ 12.244407, 44.628218 ], [ 12.244371, 44.628291 ], [ 12.244344, 44.62834 ], [ 12.244297, 44.628429 ], [ 12.24427, 44.628472 ], [ 12.244231, 44.628555 ], [ 12.24421, 44.628603 ], [ 12.244182, 44.628653 ], [ 12.244152, 44.628709 ], [ 12.244107, 44.628796 ], [ 12.244058, 44.628904 ], [ 12.244028, 44.62895 ], [ 12.243972, 44.629056 ], [ 12.243915, 44.629158 ], [ 12.24385, 44.62925 ], [ 12.243807, 44.629336 ], [ 12.243726, 44.629473 ], [ 12.243692, 44.629557 ], [ 12.243684, 44.629602 ], [ 12.243655, 44.629694 ], [ 12.243617, 44.62979 ], [ 12.243597, 44.62986 ], [ 12.243575, 44.629912 ], [ 12.243562, 44.629975 ], [ 12.24353, 44.630019 ], [ 12.243472, 44.630087 ], [ 12.243435, 44.630151 ], [ 12.243401, 44.630211 ], [ 12.243364, 44.630278 ], [ 12.243338, 44.630343 ], [ 12.243305, 44.630412 ], [ 12.243274, 44.630479 ], [ 12.243239, 44.63054 ], [ 12.243196, 44.630606 ], [ 12.243147, 44.630677 ], [ 12.243101, 44.630749 ], [ 12.243062, 44.630822 ], [ 12.243018, 44.630898 ], [ 12.242973, 44.630972 ], [ 12.242926, 44.63105 ], [ 12.242885, 44.631122 ], [ 12.242844, 44.631191 ], [ 12.24281, 44.631262 ], [ 12.242777, 44.631335 ], [ 12.242739, 44.631401 ], [ 12.242694, 44.631474 ], [ 12.242646, 44.631551 ], [ 12.242599, 44.631627 ], [ 12.242558, 44.631704 ], [ 12.24253, 44.63178 ], [ 12.242517, 44.631857 ], [ 12.242455, 44.631907 ], [ 12.242403, 44.631991 ], [ 12.242343, 44.632054 ], [ 12.242313, 44.632094 ], [ 12.242281, 44.632154 ], [ 12.242257, 44.63225 ], [ 12.24223, 44.632336 ], [ 12.2422, 44.632412 ], [ 12.242162, 44.632484 ], [ 12.242122, 44.632558 ], [ 12.242077, 44.632628 ], [ 12.24204, 44.632697 ], [ 12.242008, 44.632765 ], [ 12.241981, 44.632825 ], [ 12.241949, 44.632881 ], [ 12.241911, 44.632943 ], [ 12.241863, 44.633017 ], [ 12.241809, 44.633094 ], [ 12.241762, 44.633173 ], [ 12.241716, 44.633248 ], [ 12.241673, 44.633319 ], [ 12.241627, 44.633391 ], [ 12.241587, 44.633464 ], [ 12.241549, 44.633534 ], [ 12.241509, 44.633604 ], [ 12.241478, 44.633673 ], [ 12.241443, 44.633746 ], [ 12.241411, 44.633819 ], [ 12.241369, 44.633894 ], [ 12.241326, 44.633973 ], [ 12.241287, 44.634045 ], [ 12.241244, 44.634104 ], [ 12.241207, 44.634164 ], [ 12.241168, 44.634232 ], [ 12.241127, 44.634306 ], [ 12.241108, 44.63435 ], [ 12.241091, 44.634394 ], [ 12.241073, 44.634444 ], [ 12.241038, 44.63454 ], [ 12.24103, 44.634588 ], [ 12.241007, 44.634662 ], [ 12.240976, 44.634734 ], [ 12.240943, 44.634814 ], [ 12.240918, 44.634901 ], [ 12.240879, 44.634996 ], [ 12.24086, 44.635048 ], [ 12.240825, 44.635155 ], [ 12.240798, 44.63522 ], [ 12.240758, 44.635329 ], [ 12.240729, 44.635392 ], [ 12.240709, 44.635513 ], [ 12.240652, 44.635625 ], [ 12.240608, 44.635718 ], [ 12.24064, 44.635812 ], [ 12.240636, 44.635892 ], [ 12.240615, 44.635966 ], [ 12.240604, 44.636015 ], [ 12.240585, 44.636086 ], [ 12.240572, 44.636163 ], [ 12.240552, 44.636251 ], [ 12.240553, 44.636325 ], [ 12.240539, 44.636403 ], [ 12.240534, 44.636482 ], [ 12.240521, 44.636562 ], [ 12.240499, 44.636644 ], [ 12.240486, 44.636726 ], [ 12.240478, 44.636801 ], [ 12.24047, 44.636873 ], [ 12.240464, 44.636928 ], [ 12.240456, 44.636973 ], [ 12.240448, 44.637047 ], [ 12.240431, 44.637152 ], [ 12.240409, 44.637243 ], [ 12.240398, 44.637288 ], [ 12.240375, 44.637362 ], [ 12.240357, 44.637441 ], [ 12.240335, 44.637523 ], [ 12.240316, 44.637601 ], [ 12.240296, 44.637682 ], [ 12.240278, 44.637764 ], [ 12.240261, 44.637846 ], [ 12.240245, 44.637926 ], [ 12.240226, 44.63801 ], [ 12.24021, 44.638093 ], [ 12.24019, 44.638195 ], [ 12.240169, 44.638278 ], [ 12.240145, 44.638347 ], [ 12.240112, 44.638425 ], [ 12.240096, 44.638508 ], [ 12.2401, 44.638585 ], [ 12.240091, 44.638666 ], [ 12.240067, 44.638747 ], [ 12.240072, 44.638835 ], [ 12.240052, 44.638905 ], [ 12.240043, 44.638961 ], [ 12.24003, 44.639038 ], [ 12.240017, 44.639107 ], [ 12.24, 44.639184 ], [ 12.239984, 44.639261 ], [ 12.239968, 44.639339 ], [ 12.23995, 44.639416 ], [ 12.239929, 44.639494 ], [ 12.239908, 44.639572 ], [ 12.239889, 44.639642 ], [ 12.239878, 44.639695 ], [ 12.239873, 44.639766 ], [ 12.239861, 44.639823 ], [ 12.239851, 44.639877 ], [ 12.239833, 44.63994 ], [ 12.239817, 44.640003 ], [ 12.239802, 44.640074 ], [ 12.239782, 44.640131 ], [ 12.239759, 44.640194 ], [ 12.239755, 44.640246 ], [ 12.23975, 44.640298 ], [ 12.239758, 44.64035 ], [ 12.239768, 44.640419 ], [ 12.239815, 44.640472 ], [ 12.239902, 44.640484 ], [ 12.23999, 44.640486 ], [ 12.24008, 44.640495 ], [ 12.240175, 44.640507 ], [ 12.240284, 44.640517 ], [ 12.240392, 44.640529 ], [ 12.240488, 44.640543 ], [ 12.240589, 44.640558 ], [ 12.240697, 44.640574 ], [ 12.240804, 44.640587 ], [ 12.240865, 44.640598 ], [ 12.240995, 44.640632 ], [ 12.241058, 44.64064 ], [ 12.241173, 44.640654 ], [ 12.241298, 44.64068 ], [ 12.241416, 44.640695 ], [ 12.241526, 44.640722 ], [ 12.241647, 44.640735 ], [ 12.241712, 44.64075 ], [ 12.241829, 44.640763 ], [ 12.24196, 44.640773 ], [ 12.242029, 44.640788 ], [ 12.24216, 44.64081 ], [ 12.242231, 44.640821 ], [ 12.242302, 44.640828 ], [ 12.242446, 44.640848 ], [ 12.242519, 44.640862 ], [ 12.242589, 44.640868 ], [ 12.242713, 44.64087 ], [ 12.242785, 44.640874 ], [ 12.242932, 44.640904 ], [ 12.243004, 44.640916 ], [ 12.243143, 44.640942 ], [ 12.243214, 44.640948 ], [ 12.243281, 44.64096 ], [ 12.243417, 44.640979 ], [ 12.243536, 44.640992 ], [ 12.243658, 44.641022 ], [ 12.243726, 44.641029 ], [ 12.243864, 44.641052 ], [ 12.243996, 44.641069 ], [ 12.244076, 44.641082 ], [ 12.244151, 44.6411 ], [ 12.244293, 44.641125 ], [ 12.244435, 44.641144 ], [ 12.244501, 44.641154 ], [ 12.244653, 44.641178 ], [ 12.244727, 44.641187 ], [ 12.244872, 44.641217 ], [ 12.245002, 44.641224 ], [ 12.245112, 44.641231 ], [ 12.245183, 44.641243 ], [ 12.245304, 44.64126 ], [ 12.245403, 44.641275 ], [ 12.245504, 44.641283 ], [ 12.245595, 44.641288 ], [ 12.245698, 44.641309 ], [ 12.245799, 44.641339 ], [ 12.245897, 44.641366 ], [ 12.245996, 44.641395 ], [ 12.246104, 44.64142 ], [ 12.246217, 44.641451 ], [ 12.246334, 44.641483 ], [ 12.246444, 44.641517 ], [ 12.246512, 44.641543 ], [ 12.246636, 44.641587 ], [ 12.246706, 44.641613 ], [ 12.246772, 44.641638 ], [ 12.24689, 44.641688 ], [ 12.246945, 44.641713 ], [ 12.247063, 44.641767 ], [ 12.247125, 44.641796 ], [ 12.24725, 44.641854 ], [ 12.247355, 44.641902 ], [ 12.247489, 44.64198 ], [ 12.247575, 44.642029 ], [ 12.247672, 44.642087 ], [ 12.247757, 44.642151 ], [ 12.247816, 44.642194 ], [ 12.247866, 44.642234 ], [ 12.247914, 44.642275 ], [ 12.247972, 44.642356 ], [ 12.248036, 44.642422 ], [ 12.248061, 44.642471 ], [ 12.248121, 44.64253 ], [ 12.248174, 44.642604 ], [ 12.248236, 44.642681 ], [ 12.248274, 44.642754 ], [ 12.248305, 44.642801 ], [ 12.248316, 44.642849 ], [ 12.248327, 44.642942 ], [ 12.248391, 44.643228 ], [ 12.248349, 44.643297 ], [ 12.2484, 44.643383 ], [ 12.248419, 44.643444 ], [ 12.248449, 44.643497 ], [ 12.248522, 44.64358 ], [ 12.248561, 44.643618 ], [ 12.24867, 44.643648 ], [ 12.248733, 44.643666 ], [ 12.248868, 44.643689 ], [ 12.248986, 44.643697 ], [ 12.249106, 44.643722 ], [ 12.249216, 44.643771 ], [ 12.249283, 44.643783 ], [ 12.249375, 44.643814 ], [ 12.249569, 44.643901 ], [ 12.249622, 44.643925 ], [ 12.249716, 44.643995 ], [ 12.249765, 44.644041 ], [ 12.249833, 44.644131 ], [ 12.24988, 44.644219 ], [ 12.249951, 44.644301 ], [ 12.24998, 44.644343 ], [ 12.250031, 44.644416 ], [ 12.250082, 44.64449 ], [ 12.250099, 44.644581 ], [ 12.250107, 44.644676 ], [ 12.250091, 44.644733 ], [ 12.250109, 44.644813 ], [ 12.250104, 44.644891 ], [ 12.250109, 44.644939 ], [ 12.250103, 44.645022 ], [ 12.250092, 44.645113 ], [ 12.250079, 44.645164 ], [ 12.250081, 44.645213 ], [ 12.250052, 44.645315 ], [ 12.250027, 44.645401 ], [ 12.250012, 44.645482 ], [ 12.250004, 44.645533 ], [ 12.249992, 44.645599 ], [ 12.249991, 44.645683 ], [ 12.249989, 44.645757 ], [ 12.249964, 44.645852 ], [ 12.249938, 44.645899 ], [ 12.24991, 44.645951 ], [ 12.249884, 44.646013 ], [ 12.249809, 44.646176 ], [ 12.249764, 44.646252 ], [ 12.249737, 44.646293 ], [ 12.249693, 44.646372 ], [ 12.249661, 44.646444 ], [ 12.249614, 44.646515 ], [ 12.249568, 44.646559 ], [ 12.249508, 44.64663 ], [ 12.249463, 44.646697 ], [ 12.24942, 44.646771 ], [ 12.249362, 44.64685 ], [ 12.249312, 44.646895 ], [ 12.249248, 44.646982 ], [ 12.249194, 44.647053 ], [ 12.249141, 44.647119 ], [ 12.249095, 44.647194 ], [ 12.249056, 44.647267 ], [ 12.249028, 44.647348 ], [ 12.248966, 44.64745 ], [ 12.248896, 44.647537 ], [ 12.248864, 44.647583 ], [ 12.248823, 44.647678 ], [ 12.248801, 44.647748 ], [ 12.248784, 44.647805 ], [ 12.248769, 44.647852 ], [ 12.248702, 44.648009 ], [ 12.248666, 44.648096 ], [ 12.248653, 44.648151 ], [ 12.248623, 44.64825 ], [ 12.248612, 44.648299 ], [ 12.248582, 44.648356 ], [ 12.248554, 44.648442 ], [ 12.248529, 44.648536 ], [ 12.248519, 44.648586 ], [ 12.248503, 44.648637 ], [ 12.248496, 44.648724 ], [ 12.248492, 44.648813 ], [ 12.248478, 44.648906 ], [ 12.248471, 44.64899 ], [ 12.248451, 44.649075 ], [ 12.248434, 44.649153 ], [ 12.248425, 44.649247 ], [ 12.248417, 44.649312 ], [ 12.24841, 44.64936 ], [ 12.248385, 44.649449 ], [ 12.248388, 44.649515 ], [ 12.248407, 44.649592 ], [ 12.248427, 44.649669 ], [ 12.248417, 44.649755 ], [ 12.2484, 44.649818 ], [ 12.248401, 44.649872 ], [ 12.24842, 44.649931 ], [ 12.248445, 44.649984 ], [ 12.248464, 44.650051 ], [ 12.248474, 44.650135 ], [ 12.248479, 44.650188 ], [ 12.248488, 44.650282 ], [ 12.248461, 44.6504 ], [ 12.248446, 44.650448 ], [ 12.248436, 44.650501 ], [ 12.248427, 44.650577 ], [ 12.248435, 44.650704 ], [ 12.248432, 44.650763 ], [ 12.248436, 44.650811 ], [ 12.248436, 44.65086 ], [ 12.248431, 44.650913 ], [ 12.248421, 44.650958 ], [ 12.248391, 44.651083 ], [ 12.248314, 44.651232 ], [ 12.248255, 44.651319 ], [ 12.248201, 44.65136 ], [ 12.248159, 44.651395 ], [ 12.248079, 44.651446 ], [ 12.248022, 44.651482 ], [ 12.24794, 44.651562 ], [ 12.24779, 44.651736 ], [ 12.247616, 44.651894 ], [ 12.247547, 44.651898 ], [ 12.247483, 44.651888 ], [ 12.247381, 44.651916 ], [ 12.247314, 44.651935 ], [ 12.24715, 44.651936 ], [ 12.247033, 44.65195 ], [ 12.24689, 44.651911 ], [ 12.246756, 44.651891 ], [ 12.246679, 44.651886 ], [ 12.246571, 44.65188 ], [ 12.246389, 44.651871 ], [ 12.246249, 44.651829 ], [ 12.246167, 44.651814 ], [ 12.246101, 44.651797 ], [ 12.245969, 44.651762 ], [ 12.245903, 44.651738 ], [ 12.245794, 44.651717 ], [ 12.245692, 44.651695 ], [ 12.245632, 44.651676 ], [ 12.24556, 44.651649 ], [ 12.245402, 44.651572 ], [ 12.245277, 44.651506 ], [ 12.245222, 44.651471 ], [ 12.245171, 44.651439 ], [ 12.245064, 44.651378 ], [ 12.244958, 44.651315 ], [ 12.244903, 44.651277 ], [ 12.244802, 44.651227 ], [ 12.24475, 44.651199 ], [ 12.244639, 44.651153 ], [ 12.244511, 44.651151 ], [ 12.244398, 44.651175 ], [ 12.244279, 44.651196 ], [ 12.244167, 44.651227 ], [ 12.244032, 44.65126 ], [ 12.243921, 44.651299 ], [ 12.243791, 44.651337 ], [ 12.243709, 44.651374 ], [ 12.243623, 44.651404 ], [ 12.243522, 44.651458 ], [ 12.243418, 44.651487 ], [ 12.243359, 44.651533 ], [ 12.243311, 44.651569 ], [ 12.243262, 44.651606 ], [ 12.243213, 44.651642 ], [ 12.243139, 44.651679 ], [ 12.243054, 44.651719 ], [ 12.242979, 44.651768 ], [ 12.242896, 44.65183 ], [ 12.242801, 44.651896 ], [ 12.242751, 44.651973 ], [ 12.242708, 44.652053 ], [ 12.242658, 44.652117 ], [ 12.24262, 44.652179 ], [ 12.242594, 44.652252 ], [ 12.242566, 44.652334 ], [ 12.242551, 44.652419 ], [ 12.242533, 44.652501 ], [ 12.242515, 44.652588 ], [ 12.242497, 44.652674 ], [ 12.242488, 44.652759 ], [ 12.242476, 44.652845 ], [ 12.242474, 44.652932 ], [ 12.242475, 44.653037 ], [ 12.242469, 44.653154 ], [ 12.242468, 44.653202 ], [ 12.242465, 44.653248 ], [ 12.242473, 44.653333 ], [ 12.242491, 44.65342 ], [ 12.242484, 44.653495 ], [ 12.242493, 44.653587 ], [ 12.242495, 44.653673 ], [ 12.242498, 44.65376 ], [ 12.242493, 44.653854 ], [ 12.242481, 44.65395 ], [ 12.242484, 44.653998 ], [ 12.242485, 44.654094 ], [ 12.242501, 44.654191 ], [ 12.242508, 44.654288 ], [ 12.242506, 44.654392 ], [ 12.242486, 44.654497 ], [ 12.242473, 44.654603 ], [ 12.242473, 44.654655 ], [ 12.242464, 44.654762 ], [ 12.242461, 44.654815 ], [ 12.242452, 44.654868 ], [ 12.242444, 44.654969 ], [ 12.242449, 44.65502 ], [ 12.242451, 44.655073 ], [ 12.242464, 44.655126 ], [ 12.242461, 44.655228 ], [ 12.242461, 44.655276 ], [ 12.242464, 44.655362 ], [ 12.242473, 44.655456 ], [ 12.242467, 44.655507 ], [ 12.242471, 44.655607 ], [ 12.242477, 44.655661 ], [ 12.242489, 44.655711 ], [ 12.242491, 44.655785 ], [ 12.242477, 44.655946 ], [ 12.242498, 44.65605 ], [ 12.242493, 44.656111 ], [ 12.242501, 44.656166 ], [ 12.242521, 44.656259 ], [ 12.242533, 44.65631 ], [ 12.242562, 44.656404 ], [ 12.24257, 44.656455 ], [ 12.242628, 44.656534 ], [ 12.242683, 44.656613 ], [ 12.242778, 44.656694 ], [ 12.242824, 44.656727 ], [ 12.242913, 44.656798 ], [ 12.243008, 44.656869 ], [ 12.24311, 44.656915 ], [ 12.243174, 44.656945 ], [ 12.243347, 44.657028 ], [ 12.243408, 44.657053 ], [ 12.24353, 44.657073 ], [ 12.243591, 44.657116 ], [ 12.243688, 44.657134 ], [ 12.24379, 44.657168 ], [ 12.243881, 44.657185 ], [ 12.243989, 44.657212 ], [ 12.244085, 44.657222 ], [ 12.244179, 44.65722 ], [ 12.244242, 44.657237 ], [ 12.244359, 44.657273 ], [ 12.244473, 44.657309 ], [ 12.244577, 44.657344 ], [ 12.244675, 44.657381 ], [ 12.244778, 44.657427 ], [ 12.244844, 44.65744 ], [ 12.244926, 44.657452 ], [ 12.244967, 44.657493 ], [ 12.244968, 44.657552 ], [ 12.244972, 44.657614 ], [ 12.244968, 44.657682 ], [ 12.244965, 44.657758 ], [ 12.24496, 44.657842 ], [ 12.244954, 44.657908 ], [ 12.244951, 44.657972 ], [ 12.244935, 44.658037 ], [ 12.244933, 44.658099 ], [ 12.244934, 44.658164 ], [ 12.244926, 44.658225 ], [ 12.244917, 44.658277 ], [ 12.244916, 44.658324 ], [ 12.244911, 44.658376 ], [ 12.244901, 44.658436 ], [ 12.244896, 44.658507 ], [ 12.244887, 44.658576 ], [ 12.244867, 44.658651 ], [ 12.24487, 44.65873 ], [ 12.244855, 44.658804 ], [ 12.244837, 44.658888 ], [ 12.244825, 44.658971 ], [ 12.24482, 44.65906 ], [ 12.244826, 44.659106 ], [ 12.244807, 44.659324 ], [ 12.24478, 44.65946 ], [ 12.244756, 44.659575 ], [ 12.244721, 44.659685 ], [ 12.244723, 44.659734 ], [ 12.244707, 44.659839 ], [ 12.244685, 44.659951 ], [ 12.244673, 44.660002 ], [ 12.244666, 44.660051 ], [ 12.244659, 44.660143 ], [ 12.244638, 44.660225 ], [ 12.24463, 44.660301 ], [ 12.244656, 44.660351 ], [ 12.244725, 44.660371 ], [ 12.244815, 44.66037 ], [ 12.244919, 44.660365 ], [ 12.24501, 44.660355 ], [ 12.245093, 44.660349 ], [ 12.245172, 44.660343 ], [ 12.245245, 44.660342 ], [ 12.245317, 44.660346 ], [ 12.245406, 44.660364 ], [ 12.245467, 44.66038 ], [ 12.245529, 44.660394 ], [ 12.245619, 44.66041 ], [ 12.245682, 44.660418 ], [ 12.245746, 44.660438 ], [ 12.245827, 44.660464 ], [ 12.245898, 44.66045 ], [ 12.245964, 44.660452 ], [ 12.246037, 44.660476 ], [ 12.246098, 44.660504 ], [ 12.246199, 44.660535 ], [ 12.246323, 44.660558 ], [ 12.246427, 44.660566 ], [ 12.246542, 44.660594 ], [ 12.246659, 44.66063 ], [ 12.246725, 44.660645 ], [ 12.246788, 44.660659 ], [ 12.246911, 44.660685 ], [ 12.246978, 44.660693 ], [ 12.247097, 44.660718 ], [ 12.247206, 44.660742 ], [ 12.247268, 44.660759 ], [ 12.247369, 44.660769 ], [ 12.247508, 44.660797 ], [ 12.247652, 44.660832 ], [ 12.247738, 44.660866 ], [ 12.247752, 44.660933 ], [ 12.24774, 44.66098 ], [ 12.247727, 44.661024 ], [ 12.247681, 44.661111 ], [ 12.247661, 44.661163 ], [ 12.247625, 44.6612 ], [ 12.247627, 44.661248 ], [ 12.247629, 44.661295 ], [ 12.24762, 44.661344 ], [ 12.247603, 44.66139 ], [ 12.247582, 44.661449 ], [ 12.247565, 44.661526 ], [ 12.247554, 44.661608 ], [ 12.247551, 44.661653 ], [ 12.247544, 44.661743 ], [ 12.247533, 44.661824 ], [ 12.2475, 44.661887 ], [ 12.247481, 44.661959 ], [ 12.247422, 44.662154 ], [ 12.247418, 44.662212 ], [ 12.247418, 44.662313 ], [ 12.247413, 44.662367 ], [ 12.247404, 44.662465 ], [ 12.24741, 44.662554 ], [ 12.247414, 44.662601 ], [ 12.247388, 44.662698 ], [ 12.24737, 44.662774 ], [ 12.247344, 44.662846 ], [ 12.247326, 44.662908 ], [ 12.247305, 44.662989 ], [ 12.247293, 44.663066 ], [ 12.247277, 44.663153 ], [ 12.24729, 44.663239 ], [ 12.247273, 44.663322 ], [ 12.24725, 44.663371 ], [ 12.247225, 44.663468 ], [ 12.247229, 44.663529 ], [ 12.247221, 44.663584 ], [ 12.247211, 44.663718 ], [ 12.247206, 44.663784 ], [ 12.247209, 44.66383 ], [ 12.247214, 44.663887 ], [ 12.24721, 44.663959 ], [ 12.247193, 44.664044 ], [ 12.247178, 44.664095 ], [ 12.247141, 44.664204 ], [ 12.247098, 44.664329 ], [ 12.247083, 44.664392 ], [ 12.247067, 44.664509 ], [ 12.247045, 44.664638 ], [ 12.247011, 44.664774 ], [ 12.246997, 44.664835 ], [ 12.246964, 44.664938 ], [ 12.246922, 44.664989 ], [ 12.246904, 44.665081 ], [ 12.246901, 44.665134 ], [ 12.246884, 44.665242 ], [ 12.246854, 44.66535 ], [ 12.246842, 44.665403 ], [ 12.246818, 44.665516 ], [ 12.246811, 44.665568 ], [ 12.246787, 44.665641 ], [ 12.246777, 44.665692 ], [ 12.246752, 44.665746 ], [ 12.246732, 44.665826 ], [ 12.246699, 44.665912 ], [ 12.246708, 44.666017 ], [ 12.246711, 44.666074 ], [ 12.24671, 44.666129 ], [ 12.246685, 44.666231 ], [ 12.246677, 44.666282 ], [ 12.246668, 44.66633 ], [ 12.246647, 44.666425 ], [ 12.246641, 44.66647 ], [ 12.246641, 44.666558 ], [ 12.246643, 44.66664 ], [ 12.246643, 44.666718 ], [ 12.246636, 44.666798 ], [ 12.24663, 44.666871 ], [ 12.246618, 44.666939 ], [ 12.246586, 44.667006 ], [ 12.246542, 44.667071 ], [ 12.246513, 44.667135 ], [ 12.246501, 44.667208 ], [ 12.246511, 44.667288 ], [ 12.246524, 44.667371 ], [ 12.24654, 44.667467 ], [ 12.246545, 44.667515 ], [ 12.246538, 44.667612 ], [ 12.24654, 44.667706 ], [ 12.246537, 44.667755 ], [ 12.246535, 44.667805 ], [ 12.246525, 44.667905 ], [ 12.246499, 44.668002 ], [ 12.246476, 44.668108 ], [ 12.246463, 44.668157 ], [ 12.246437, 44.668258 ], [ 12.246426, 44.668351 ], [ 12.246419, 44.668436 ], [ 12.246406, 44.668486 ], [ 12.246389, 44.66856 ], [ 12.246355, 44.668667 ], [ 12.246336, 44.668755 ], [ 12.246332, 44.668826 ], [ 12.246344, 44.668909 ], [ 12.24634, 44.668992 ], [ 12.246302, 44.669059 ], [ 12.246256, 44.669115 ], [ 12.246211, 44.669181 ], [ 12.246187, 44.669268 ], [ 12.24617, 44.669355 ], [ 12.246167, 44.669409 ], [ 12.246167, 44.669459 ], [ 12.246166, 44.669557 ], [ 12.246174, 44.669655 ], [ 12.246174, 44.669753 ], [ 12.246168, 44.669802 ], [ 12.246158, 44.66985 ], [ 12.246154, 44.669902 ], [ 12.24606, 44.670124 ], [ 12.246029, 44.670238 ], [ 12.246013, 44.670292 ], [ 12.246006, 44.670387 ], [ 12.246004, 44.670441 ], [ 12.246004, 44.670498 ], [ 12.245999, 44.670591 ], [ 12.24599, 44.670676 ], [ 12.245969, 44.670771 ], [ 12.245959, 44.670822 ], [ 12.245944, 44.67087 ], [ 12.245921, 44.670958 ], [ 12.245903, 44.671005 ], [ 12.245881, 44.671073 ], [ 12.245852, 44.671134 ], [ 12.245798, 44.671242 ], [ 12.245769, 44.671319 ], [ 12.245753, 44.671391 ], [ 12.245761, 44.671479 ], [ 12.24577, 44.671558 ], [ 12.245785, 44.671606 ], [ 12.245804, 44.67167 ], [ 12.24583, 44.671749 ], [ 12.245837, 44.671796 ], [ 12.24582, 44.671882 ], [ 12.245768, 44.671951 ], [ 12.245689, 44.671999 ], [ 12.245645, 44.672065 ], [ 12.245648, 44.672125 ], [ 12.245714, 44.67216 ], [ 12.245761, 44.672215 ], [ 12.245791, 44.672261 ], [ 12.245788, 44.672329 ], [ 12.245787, 44.672392 ], [ 12.245767, 44.672478 ], [ 12.245761, 44.672533 ], [ 12.245751, 44.67258 ], [ 12.245728, 44.672674 ], [ 12.245722, 44.672725 ], [ 12.245724, 44.672774 ], [ 12.245694, 44.672874 ], [ 12.24566, 44.672973 ], [ 12.245652, 44.673062 ], [ 12.245644, 44.673152 ], [ 12.24565, 44.673228 ], [ 12.245633, 44.673308 ], [ 12.245622, 44.673355 ], [ 12.245612, 44.6734 ], [ 12.245597, 44.673465 ], [ 12.245535, 44.67363 ], [ 12.24553, 44.673693 ], [ 12.245513, 44.673747 ], [ 12.245501, 44.673797 ], [ 12.245474, 44.673894 ], [ 12.245454, 44.673993 ], [ 12.24543, 44.674082 ], [ 12.2454, 44.674175 ], [ 12.245383, 44.674255 ], [ 12.245366, 44.674325 ], [ 12.245346, 44.674385 ], [ 12.245298, 44.674515 ], [ 12.245268, 44.674576 ], [ 12.245303, 44.674643 ], [ 12.245356, 44.674672 ], [ 12.245418, 44.674707 ], [ 12.245426, 44.67476 ], [ 12.245382, 44.674832 ], [ 12.245323, 44.674909 ], [ 12.245258, 44.674982 ], [ 12.245188, 44.675041 ], [ 12.245093, 44.675074 ], [ 12.244982, 44.675101 ], [ 12.24488, 44.675119 ], [ 12.244792, 44.67512 ], [ 12.244701, 44.675113 ], [ 12.244604, 44.675111 ], [ 12.244495, 44.675097 ], [ 12.244387, 44.675074 ], [ 12.244289, 44.675074 ], [ 12.244203, 44.675072 ], [ 12.244129, 44.675075 ], [ 12.244042, 44.675076 ], [ 12.24398, 44.675062 ], [ 12.243904, 44.675041 ], [ 12.243818, 44.67502 ], [ 12.243742, 44.674998 ], [ 12.243638, 44.674985 ], [ 12.243503, 44.674974 ], [ 12.243434, 44.674969 ], [ 12.243367, 44.674964 ], [ 12.2433, 44.674961 ], [ 12.243172, 44.674954 ], [ 12.243054, 44.674944 ], [ 12.24294, 44.674925 ], [ 12.242847, 44.674905 ], [ 12.242756, 44.674893 ], [ 12.242672, 44.674889 ], [ 12.242592, 44.674873 ], [ 12.242535, 44.674851 ], [ 12.242469, 44.674832 ], [ 12.242408, 44.674814 ], [ 12.24236, 44.67485 ], [ 12.242361, 44.674896 ], [ 12.242333, 44.674998 ], [ 12.242335, 44.675043 ], [ 12.242315, 44.675106 ], [ 12.2423, 44.675161 ], [ 12.24229, 44.675209 ], [ 12.242275, 44.675259 ], [ 12.24225, 44.675301 ], [ 12.242257, 44.675347 ], [ 12.242243, 44.675395 ], [ 12.242199, 44.675431 ], [ 12.24213, 44.675423 ], [ 12.242065, 44.67542 ], [ 12.242003, 44.675435 ], [ 12.241925, 44.675444 ], [ 12.241844, 44.675445 ], [ 12.241748, 44.675434 ], [ 12.241672, 44.675423 ], [ 12.241477, 44.67541 ], [ 12.241374, 44.67539 ], [ 12.241269, 44.675376 ], [ 12.24116, 44.675379 ], [ 12.241029, 44.675366 ], [ 12.240965, 44.67536 ], [ 12.240834, 44.675348 ], [ 12.240759, 44.675333 ], [ 12.240693, 44.675329 ], [ 12.240556, 44.675314 ], [ 12.240406, 44.675297 ], [ 12.240333, 44.675284 ], [ 12.240265, 44.67528 ], [ 12.240096, 44.675258 ], [ 12.240023, 44.675243 ], [ 12.239851, 44.67523 ], [ 12.23976, 44.67523 ], [ 12.239559, 44.675238 ], [ 12.23945, 44.675246 ], [ 12.239345, 44.675247 ], [ 12.239133, 44.675246 ], [ 12.239033, 44.675248 ], [ 12.238819, 44.675243 ], [ 12.238621, 44.675248 ], [ 12.238422, 44.675252 ], [ 12.238319, 44.675256 ], [ 12.238216, 44.675258 ], [ 12.238014, 44.675258 ], [ 12.237789, 44.675257 ], [ 12.237685, 44.675255 ], [ 12.237475, 44.675284 ], [ 12.23738, 44.675301 ], [ 12.237279, 44.675316 ], [ 12.23708, 44.675358 ], [ 12.236986, 44.675378 ], [ 12.236899, 44.67541 ], [ 12.236678, 44.675464 ], [ 12.236582, 44.67549 ], [ 12.236369, 44.675544 ], [ 12.236164, 44.675593 ], [ 12.235964, 44.675643 ], [ 12.235791, 44.675684 ], [ 12.235616, 44.675723 ], [ 12.235428, 44.675777 ], [ 12.235238, 44.675818 ], [ 12.235056, 44.675853 ], [ 12.234845, 44.675858 ], [ 12.234743, 44.675865 ], [ 12.234634, 44.675878 ], [ 12.234445, 44.675894 ], [ 12.234371, 44.675917 ], [ 12.234281, 44.675931 ], [ 12.234184, 44.675925 ], [ 12.234096, 44.675925 ], [ 12.233934, 44.675943 ], [ 12.233802, 44.675965 ], [ 12.233741, 44.675987 ], [ 12.233596, 44.676 ], [ 12.233495, 44.676013 ], [ 12.233334, 44.676026 ], [ 12.23315, 44.676037 ], [ 12.232981, 44.676071 ], [ 12.232901, 44.67608 ], [ 12.23273, 44.676094 ], [ 12.232641, 44.676108 ], [ 12.232473, 44.676118 ], [ 12.232385, 44.676125 ], [ 12.232204, 44.676148 ], [ 12.232117, 44.676145 ], [ 12.231936, 44.676174 ], [ 12.231757, 44.676186 ], [ 12.231586, 44.676192 ], [ 12.231507, 44.676212 ], [ 12.231416, 44.676218 ], [ 12.231286, 44.676224 ], [ 12.231145, 44.676241 ], [ 12.230982, 44.676234 ], [ 12.230799, 44.676227 ], [ 12.230715, 44.676215 ], [ 12.230501, 44.676194 ], [ 12.23041, 44.676185 ], [ 12.230305, 44.67618 ], [ 12.230114, 44.676164 ], [ 12.22993, 44.676121 ], [ 12.229826, 44.676108 ], [ 12.229716, 44.676095 ], [ 12.229511, 44.676067 ], [ 12.229405, 44.676062 ], [ 12.229216, 44.676047 ], [ 12.22899, 44.676016 ], [ 12.228881, 44.676008 ], [ 12.228666, 44.675985 ], [ 12.228559, 44.675974 ], [ 12.22835, 44.675953 ], [ 12.228232, 44.675944 ], [ 12.228126, 44.675933 ], [ 12.227917, 44.67591 ], [ 12.227729, 44.675883 ], [ 12.227638, 44.675879 ], [ 12.227481, 44.675901 ], [ 12.227304, 44.675891 ], [ 12.227205, 44.675882 ], [ 12.227026, 44.675859 ], [ 12.226946, 44.675849 ], [ 12.226786, 44.67584 ], [ 12.226709, 44.675837 ], [ 12.226634, 44.675838 ], [ 12.226459, 44.675866 ], [ 12.226323, 44.675879 ], [ 12.226224, 44.675855 ], [ 12.226081, 44.67583 ], [ 12.225936, 44.675835 ], [ 12.225791, 44.675846 ], [ 12.225639, 44.675856 ], [ 12.225574, 44.675864 ], [ 12.225467, 44.675881 ], [ 12.225349, 44.6759 ], [ 12.225271, 44.675905 ], [ 12.225195, 44.675927 ], [ 12.225037, 44.675912 ], [ 12.224905, 44.675945 ], [ 12.224759, 44.675946 ], [ 12.224684, 44.67595 ], [ 12.224609, 44.675962 ], [ 12.224453, 44.675965 ], [ 12.224389, 44.675974 ], [ 12.224239, 44.676001 ], [ 12.224167, 44.676004 ], [ 12.224018, 44.676018 ], [ 12.223954, 44.676025 ], [ 12.223888, 44.676031 ], [ 12.223773, 44.676042 ], [ 12.223638, 44.676057 ], [ 12.223509, 44.676068 ], [ 12.223352, 44.676077 ], [ 12.223208, 44.676098 ], [ 12.223127, 44.676108 ], [ 12.223041, 44.676121 ], [ 12.222958, 44.67613 ], [ 12.222804, 44.676146 ], [ 12.222719, 44.676149 ], [ 12.222566, 44.676167 ], [ 12.222426, 44.67618 ], [ 12.222274, 44.676193 ], [ 12.222097, 44.676206 ], [ 12.221953, 44.676224 ], [ 12.221797, 44.676237 ], [ 12.221707, 44.676246 ], [ 12.221531, 44.676266 ], [ 12.221449, 44.676274 ], [ 12.221249, 44.676286 ], [ 12.221147, 44.6763 ], [ 12.221047, 44.676306 ], [ 12.220951, 44.67632 ], [ 12.220864, 44.676337 ], [ 12.220775, 44.676355 ], [ 12.22061, 44.676387 ], [ 12.220452, 44.676404 ], [ 12.22032, 44.676419 ], [ 12.220169, 44.676433 ], [ 12.220089, 44.676448 ], [ 12.220009, 44.676454 ], [ 12.219847, 44.67647 ], [ 12.219684, 44.676483 ], [ 12.219605, 44.676506 ], [ 12.219456, 44.676529 ], [ 12.219365, 44.676532 ], [ 12.219285, 44.676534 ], [ 12.219118, 44.676555 ], [ 12.219033, 44.676564 ], [ 12.218871, 44.67658 ], [ 12.218792, 44.67659 ], [ 12.218715, 44.676599 ], [ 12.218544, 44.676611 ], [ 12.218385, 44.676632 ], [ 12.218222, 44.676637 ], [ 12.218145, 44.676637 ], [ 12.218001, 44.676656 ], [ 12.217834, 44.676681 ], [ 12.217673, 44.676693 ], [ 12.217509, 44.676713 ], [ 12.217348, 44.676727 ], [ 12.217186, 44.676747 ], [ 12.217108, 44.676749 ], [ 12.217029, 44.676757 ], [ 12.216875, 44.676774 ], [ 12.2168, 44.67678 ], [ 12.216643, 44.676792 ], [ 12.216571, 44.6768 ], [ 12.21642, 44.676819 ], [ 12.21628, 44.676837 ], [ 12.216124, 44.676852 ], [ 12.215968, 44.676868 ], [ 12.215894, 44.676875 ], [ 12.215756, 44.676905 ], [ 12.215682, 44.676918 ], [ 12.215604, 44.676924 ], [ 12.215452, 44.676941 ], [ 12.215379, 44.676946 ], [ 12.215307, 44.67695 ], [ 12.215179, 44.676961 ], [ 12.215062, 44.676973 ], [ 12.214938, 44.676992 ], [ 12.214876, 44.677006 ], [ 12.214755, 44.676995 ], [ 12.214605, 44.677003 ], [ 12.214475, 44.677002 ], [ 12.214366, 44.677018 ], [ 12.214267, 44.677021 ], [ 12.214154, 44.677029 ], [ 12.21405, 44.67704 ], [ 12.213946, 44.677052 ], [ 12.213839, 44.677062 ], [ 12.213732, 44.677071 ], [ 12.213619, 44.677079 ], [ 12.213513, 44.677087 ], [ 12.213414, 44.677098 ], [ 12.213312, 44.677104 ], [ 12.213208, 44.677117 ], [ 12.213098, 44.677131 ], [ 12.212991, 44.677142 ], [ 12.212878, 44.677151 ], [ 12.212767, 44.677162 ], [ 12.212654, 44.677177 ], [ 12.212543, 44.67719 ], [ 12.212422, 44.677202 ], [ 12.212296, 44.677221 ], [ 12.212232, 44.677225 ], [ 12.212086, 44.677247 ], [ 12.211971, 44.67727 ], [ 12.211848, 44.677283 ], [ 12.211725, 44.677289 ], [ 12.211605, 44.677296 ], [ 12.211541, 44.6773 ], [ 12.211412, 44.677313 ], [ 12.211266, 44.677326 ], [ 12.211197, 44.677325 ], [ 12.21106, 44.677348 ], [ 12.210928, 44.677353 ], [ 12.210811, 44.677368 ], [ 12.210656, 44.677387 ], [ 12.210514, 44.677411 ], [ 12.210425, 44.677422 ], [ 12.21036, 44.677427 ], [ 12.210222, 44.677439 ], [ 12.210091, 44.677458 ], [ 12.209961, 44.677474 ], [ 12.209842, 44.677495 ], [ 12.209699, 44.67751 ], [ 12.209617, 44.677519 ], [ 12.209457, 44.677538 ], [ 12.209307, 44.677556 ], [ 12.209172, 44.677575 ], [ 12.209025, 44.677591 ], [ 12.20885, 44.677606 ], [ 12.208704, 44.677627 ], [ 12.208627, 44.677639 ], [ 12.208486, 44.677671 ], [ 12.208406, 44.677684 ], [ 12.208242, 44.677706 ], [ 12.208079, 44.677721 ], [ 12.208001, 44.677743 ], [ 12.207831, 44.677779 ], [ 12.207663, 44.677813 ], [ 12.207569, 44.677816 ], [ 12.207484, 44.677846 ], [ 12.207305, 44.677865 ], [ 12.207136, 44.677892 ], [ 12.207053, 44.677904 ], [ 12.206966, 44.677912 ], [ 12.206791, 44.677937 ], [ 12.206713, 44.677944 ], [ 12.206549, 44.677967 ], [ 12.206461, 44.67797 ], [ 12.20629, 44.677993 ], [ 12.206121, 44.678008 ], [ 12.205951, 44.678025 ], [ 12.205779, 44.678042 ], [ 12.205696, 44.67805 ], [ 12.20561, 44.678057 ], [ 12.205442, 44.678074 ], [ 12.205368, 44.678083 ], [ 12.205287, 44.678093 ], [ 12.205131, 44.678113 ], [ 12.204973, 44.678135 ], [ 12.20483, 44.678165 ], [ 12.204781, 44.678204 ], [ 12.204644, 44.678281 ], [ 12.204505, 44.678344 ], [ 12.204353, 44.678418 ], [ 12.204196, 44.678488 ], [ 12.204024, 44.678555 ], [ 12.203937, 44.67859 ], [ 12.203773, 44.678677 ], [ 12.203674, 44.67871 ], [ 12.203494, 44.6788 ], [ 12.203309, 44.678897 ], [ 12.203156, 44.678979 ], [ 12.203071, 44.679025 ], [ 12.202897, 44.679128 ], [ 12.202719, 44.679224 ], [ 12.202637, 44.679269 ], [ 12.202448, 44.679375 ], [ 12.20228, 44.679502 ], [ 12.202205, 44.679581 ], [ 12.202129, 44.679669 ], [ 12.20199, 44.679821 ], [ 12.201911, 44.679895 ], [ 12.20184, 44.679972 ], [ 12.201692, 44.680121 ], [ 12.201621, 44.680199 ], [ 12.201542, 44.680279 ], [ 12.20139, 44.680435 ], [ 12.20126, 44.680586 ], [ 12.201199, 44.680659 ], [ 12.201061, 44.68081 ], [ 12.200928, 44.680971 ], [ 12.200771, 44.681121 ], [ 12.200639, 44.681265 ], [ 12.200508, 44.681408 ], [ 12.200432, 44.681481 ], [ 12.200369, 44.681551 ], [ 12.200296, 44.681622 ], [ 12.200134, 44.681759 ], [ 12.200039, 44.681829 ], [ 12.199862, 44.681958 ], [ 12.19969, 44.682073 ], [ 12.199499, 44.682195 ], [ 12.199325, 44.682317 ], [ 12.199163, 44.682439 ], [ 12.19899, 44.682575 ], [ 12.19883, 44.68269 ], [ 12.198668, 44.682806 ], [ 12.198585, 44.682865 ], [ 12.198498, 44.682921 ], [ 12.198328, 44.683051 ], [ 12.198245, 44.683107 ], [ 12.198135, 44.683166 ], [ 12.198065, 44.683227 ], [ 12.197895, 44.683345 ], [ 12.197726, 44.683463 ], [ 12.19756, 44.683566 ], [ 12.197485, 44.683612 ], [ 12.197332, 44.683722 ], [ 12.197164, 44.683841 ], [ 12.197008, 44.68396 ], [ 12.196927, 44.684013 ], [ 12.19678, 44.684129 ], [ 12.196633, 44.68423 ], [ 12.196567, 44.684282 ], [ 12.196519, 44.68434 ], [ 12.196466, 44.684467 ], [ 12.196461, 44.684524 ], [ 12.196473, 44.684641 ], [ 12.19644, 44.684689 ], [ 12.196336, 44.684735 ], [ 12.196237, 44.6847 ], [ 12.196109, 44.684672 ], [ 12.195958, 44.684702 ], [ 12.195896, 44.684736 ], [ 12.195844, 44.68477 ], [ 12.195768, 44.684819 ], [ 12.195627, 44.684917 ], [ 12.195484, 44.685019 ], [ 12.195398, 44.685072 ], [ 12.195239, 44.685174 ], [ 12.195148, 44.685224 ], [ 12.195001, 44.685316 ], [ 12.194928, 44.685367 ], [ 12.194769, 44.685484 ], [ 12.194695, 44.685526 ], [ 12.194563, 44.685626 ], [ 12.194404, 44.685727 ], [ 12.194253, 44.68582 ], [ 12.194116, 44.685915 ], [ 12.193972, 44.685963 ], [ 12.193826, 44.686071 ], [ 12.193664, 44.68618 ], [ 12.193589, 44.686236 ], [ 12.193449, 44.686343 ], [ 12.193387, 44.686409 ], [ 12.193276, 44.68655 ], [ 12.193207, 44.686613 ], [ 12.193044, 44.686676 ], [ 12.192877, 44.686762 ], [ 12.192801, 44.686814 ], [ 12.192647, 44.686916 ], [ 12.192568, 44.686966 ], [ 12.192416, 44.687076 ], [ 12.192341, 44.687131 ], [ 12.192192, 44.687235 ], [ 12.192035, 44.687348 ], [ 12.191954, 44.687402 ], [ 12.191877, 44.687453 ], [ 12.191691, 44.687561 ], [ 12.191521, 44.687672 ], [ 12.191437, 44.687728 ], [ 12.191268, 44.687848 ], [ 12.191191, 44.687906 ], [ 12.191027, 44.688016 ], [ 12.190871, 44.688131 ], [ 12.190789, 44.688186 ], [ 12.190624, 44.688299 ], [ 12.190461, 44.6884 ], [ 12.190298, 44.688503 ], [ 12.190156, 44.688611 ], [ 12.190089, 44.688664 ], [ 12.189953, 44.688764 ], [ 12.189879, 44.688812 ], [ 12.189799, 44.68886 ], [ 12.189654, 44.688924 ], [ 12.189565, 44.688918 ], [ 12.189431, 44.688871 ], [ 12.189303, 44.688886 ], [ 12.189193, 44.688957 ], [ 12.189139, 44.688995 ], [ 12.18909, 44.689031 ], [ 12.18898, 44.68911 ], [ 12.18887, 44.689197 ], [ 12.188753, 44.689281 ], [ 12.188696, 44.689318 ], [ 12.188637, 44.689367 ], [ 12.188515, 44.689454 ], [ 12.18839, 44.68955 ], [ 12.188332, 44.689599 ], [ 12.188274, 44.689657 ], [ 12.188213, 44.689711 ], [ 12.188102, 44.68983 ], [ 12.188029, 44.68988 ], [ 12.187889, 44.689979 ], [ 12.187754, 44.690075 ], [ 12.187602, 44.69017 ], [ 12.187521, 44.690216 ], [ 12.187371, 44.690314 ], [ 12.187219, 44.690411 ], [ 12.187064, 44.690511 ], [ 12.186907, 44.690607 ], [ 12.18676, 44.690706 ], [ 12.186686, 44.690755 ], [ 12.18655, 44.690853 ], [ 12.186478, 44.6909 ], [ 12.186343, 44.690996 ], [ 12.186282, 44.691054 ], [ 12.186186, 44.691134 ], [ 12.1861, 44.691174 ], [ 12.185932, 44.691158 ], [ 12.185845, 44.691114 ], [ 12.185771, 44.691092 ], [ 12.185646, 44.691014 ], [ 12.185585, 44.690982 ], [ 12.185472, 44.690968 ], [ 12.185421, 44.691002 ], [ 12.185346, 44.691077 ], [ 12.185297, 44.69111 ], [ 12.18521, 44.691179 ], [ 12.18513, 44.691232 ], [ 12.185075, 44.691266 ] ] } }
]
}
